frame,time_sec,p_now_ch1,p_now_ch2,p_future_ch1,p_future_ch2,vad_ch1,vad_ch2
0,0.000000,0.462453753,0.537341774,0.496091992,0.503826320,0.164262474,0.209776521
1,0.050000,0.751779854,0.248009443,0.628605366,0.371281087,0.256037891,0.129703611
2,0.100000,0.603349686,0.396306217,0.554005265,0.445887089,0.266302824,0.132252246
3,0.150000,0.627118766,0.372633010,0.553015113,0.446909308,0.396942437,0.157563746
4,0.200000,0.928625584,0.071350731,0.686359882,0.313613862,0.639760733,0.146674156
5,0.250000,0.967179358,0.032814253,0.663941860,0.336048305,0.839009285,0.135321230
6,0.300000,0.953529358,0.046463620,0.647087634,0.352903694,0.762041092,0.126680404
7,0.350000,0.887698829,0.112288199,0.602252841,0.397738785,0.690204740,0.151532471
8,0.400000,0.879482388,0.120503202,0.603018165,0.396973222,0.566644192,0.147796303
9,0.450000,0.819558561,0.180423543,0.603490949,0.396500379,0.429612368,0.139007717
10,0.500000,0.766540468,0.233440489,0.605831325,0.394160241,0.323258013,0.122246087
11,0.550000,0.711911380,0.288069069,0.585742056,0.414249569,0.277502894,0.123451293
12,0.600000,0.871031404,0.128958449,0.600451887,0.399539828,0.338150799,0.144473433
13,0.650000,0.887275636,0.112716019,0.568961322,0.431030303,0.514278471,0.129854053
14,0.700000,0.774516940,0.225468025,0.523508728,0.476482093,0.351831317,0.128194362
15,0.750000,0.814622581,0.185365185,0.494680524,0.505310237,0.431544840,0.145947278
16,0.800000,0.886739194,0.113252640,0.530126572,0.469864070,0.625299692,0.167947084
17,0.850000,0.924216509,0.075776517,0.607758880,0.392231822,0.669581532,0.172591597
18,0.900000,0.931081712,0.068911791,0.621184886,0.378805608,0.717327237,0.148558468
19,0.950000,0.943484306,0.056509338,0.650053918,0.349936247,0.775605798,0.152776867
20,1.000000,0.949518800,0.050474744,0.649944723,0.350045383,0.710802376,0.150010616
21,1.050000,0.953767121,0.046226379,0.653636932,0.346353233,0.649738073,0.147108972
22,1.100000,0.956654370,0.043339003,0.670309067,0.329681218,0.621224642,0.136548221
23,1.150000,0.959335208,0.040658087,0.688973188,0.311017096,0.599593580,0.148367107
24,1.200000,0.963247657,0.036745500,0.716725767,0.283264399,0.598753393,0.125368237
25,1.250000,0.959616661,0.040375676,0.718538582,0.281451344,0.528955579,0.148137569
26,1.300000,0.959677756,0.040314082,0.715644717,0.284345120,0.444887877,0.148958534
27,1.350000,0.951610923,0.048379302,0.711441696,0.288547993,0.346699953,0.137794524
28,1.400000,0.937764525,0.062223885,0.697641909,0.302347660,0.309034586,0.132603735
29,1.450000,0.917967796,0.082018912,0.703179300,0.296810448,0.289314806,0.116883755
30,1.500000,0.918555737,0.081431553,0.701421618,0.298568010,0.341910958,0.119142681
31,1.550000,0.864001513,0.135981023,0.715962410,0.284027725,0.282844752,0.122723103
32,1.600000,0.841205060,0.158776566,0.727158904,0.272831410,0.212336332,0.145867527
33,1.650000,0.821751177,0.178229868,0.725583196,0.274407119,0.212182641,0.162801236
34,1.700000,0.810515523,0.189465433,0.731115222,0.268874943,0.185402215,0.133808404
35,1.750000,0.787699759,0.212281764,0.725241423,0.274748981,0.146678478,0.126497895
36,1.800000,0.889638722,0.110350907,0.746737421,0.253253162,0.195892423,0.127829880
37,1.850000,0.841194630,0.158791736,0.722467959,0.277522445,0.172165245,0.146857113
38,1.900000,0.770077884,0.229904115,0.709705889,0.290284306,0.123992562,0.151120335
39,1.950000,0.758331299,0.241649300,0.714819968,0.285169959,0.099644631,0.141331643
40,2.000000,0.762635887,0.237345412,0.716824532,0.283165753,0.090072185,0.142224073
41,2.050000,0.738659739,0.261320591,0.700815082,0.299174964,0.072310805,0.134656668
42,2.100000,0.735348582,0.264631540,0.701361001,0.298628867,0.077471673,0.141183555
43,2.150000,0.725183308,0.274796247,0.694055736,0.305933893,0.068706274,0.133801222
44,2.200000,0.724593461,0.275385588,0.692042053,0.307947427,0.065433949,0.128135830
45,2.250000,0.735222399,0.264756233,0.693728089,0.306261122,0.063844949,0.141066998
46,2.300000,0.747487247,0.252492458,0.693195522,0.306793630,0.074080050,0.144915640
47,2.350000,0.746490538,0.253488600,0.693510592,0.306478411,0.070799887,0.151132524
48,2.400000,0.757231772,0.242747501,0.684709251,0.315279454,0.070492446,0.131138891
49,2.450000,0.754477262,0.245500728,0.698287845,0.301701009,0.065660745,0.132911533
50,2.500000,0.762477279,0.237501070,0.705036044,0.294952780,0.068582267,0.127186865
51,2.550000,0.763454258,0.236523956,0.700099885,0.299888581,0.067044675,0.143091321
52,2.600000,0.777149320,0.222829446,0.700453460,0.299535096,0.068393141,0.142343432
53,2.650000,0.778319836,0.221658602,0.696380973,0.303607583,0.066574752,0.147355139
54,2.700000,0.776520789,0.223456100,0.688271105,0.311716974,0.065125048,0.133856416
55,2.750000,0.758404851,0.241571680,0.681515396,0.318472773,0.074991286,0.143943280
56,2.800000,0.764388204,0.235587969,0.682296991,0.317691058,0.074540019,0.138058752
57,2.850000,0.918098569,0.081891164,0.748575807,0.251412809,0.155892432,0.141429991
58,2.900000,0.881097317,0.118888937,0.722867370,0.277120590,0.153387487,0.146062672
59,2.950000,0.810343862,0.189634889,0.693196058,0.306791484,0.105921745,0.155617893
60,3.000000,0.795594931,0.204380751,0.689575851,0.310411274,0.111438155,0.140631795
61,3.050000,0.791707873,0.208266750,0.692743778,0.307243258,0.094963729,0.150792301
62,3.100000,0.771484017,0.228489146,0.676754117,0.323233008,0.085016459,0.146721959
63,3.150000,0.765302360,0.234669521,0.669799566,0.330187440,0.090504676,0.146159112
64,3.200000,0.756533384,0.243438780,0.667384624,0.332602412,0.088974535,0.163133085
65,3.250000,0.762123406,0.237848714,0.665996611,0.333990306,0.089909881,0.151930749
66,3.300000,0.755144238,0.244826287,0.652679503,0.347307295,0.082600355,0.133234531
67,3.350000,0.756694019,0.243276477,0.657772839,0.342214048,0.087977171,0.139741123
68,3.400000,0.767635822,0.232335374,0.665065289,0.334921241,0.089532733,0.142243683
69,3.450000,0.759393334,0.240576655,0.654030561,0.345955908,0.084000707,0.137592494
70,3.500000,0.754350007,0.245618671,0.646491945,0.353494495,0.079084665,0.134150058
71,3.550000,0.739186108,0.260781586,0.637593150,0.362393081,0.081717104,0.148739189
72,3.600000,0.733640373,0.266327381,0.638742924,0.361243188,0.091769397,0.161441714
73,3.650000,0.769279242,0.230691582,0.653580964,0.346405476,0.106218040,0.145206749
74,3.700000,0.731765330,0.268201798,0.631756186,0.368230045,0.089393526,0.149962872
75,3.750000,0.734861314,0.265105307,0.633504331,0.366481483,0.087111235,0.143512428
76,3.800000,0.722214937,0.277749777,0.626855016,0.373130560,0.083175063,0.142013997
77,3.850000,0.709238350,0.290725410,0.613725066,0.386260509,0.084397197,0.147521168
78,3.900000,0.692643940,0.307320505,0.607521355,0.392464221,0.097905129,0.172877520
79,3.950000,0.700701058,0.299261540,0.611940205,0.388045132,0.081090033,0.153836131
80,4.000000,0.710024655,0.289938927,0.617038965,0.382946461,0.094708890,0.158897996
81,4.050000,0.707076967,0.292885005,0.617046058,0.382939160,0.076669693,0.157889903
82,4.100000,0.713332474,0.286630720,0.613757491,0.386227667,0.087831467,0.145321459
83,4.150000,0.741598189,0.258368969,0.628900707,0.371084780,0.094715476,0.158718884
84,4.200000,0.737098157,0.262867540,0.628033161,0.371952266,0.095650256,0.139328718
85,4.250000,0.724747181,0.275214523,0.617754877,0.382229894,0.083559453,0.141086847
86,4.300000,0.721673965,0.278285712,0.613284826,0.386699349,0.080274731,0.148827106
87,4.350000,0.713448107,0.286510885,0.611360788,0.388623029,0.082093805,0.171500653
88,4.400000,0.709986508,0.289973080,0.605081081,0.394902974,0.094058663,0.145349532
89,4.450000,0.708319843,0.291639000,0.604803681,0.395180494,0.092150807,0.145245284
90,4.500000,0.692839861,0.307116747,0.600264430,0.399719149,0.076195419,0.156969965
91,4.550000,0.700783551,0.299173832,0.600179136,0.399804562,0.086330503,0.145931482
92,4.600000,0.695363581,0.304591030,0.596964300,0.403018892,0.077978373,0.139824718
93,4.650000,0.670710802,0.329244763,0.576628864,0.423354506,0.088374585,0.141539484
94,4.700000,0.661656678,0.338298112,0.571165979,0.428817689,0.085838079,0.138218164
95,4.750000,0.676304162,0.323649436,0.577771187,0.422212124,0.085690767,0.139928311
96,4.800000,0.692052603,0.307901651,0.589161515,0.410821617,0.084995866,0.142807305
97,4.850000,0.682567656,0.317386031,0.580478787,0.419504374,0.089627773,0.138821930
98,4.900000,0.681875408,0.318079621,0.580614924,0.419367731,0.110167384,0.176528662
99,4.950000,0.688539088,0.311414510,0.576871336,0.423111349,0.094289958,0.138798386
100,5.000000,0.689244747,0.310707688,0.585097253,0.414885312,0.095793992,0.120619267
101,5.050000,0.690761924,0.309190243,0.586646378,0.413336158,0.087072760,0.133326381
102,5.100000,0.705274343,0.294678986,0.596276700,0.403705835,0.096922815,0.132212937
103,5.150000,0.700650573,0.299303770,0.593394637,0.406587511,0.111502022,0.145894617
104,5.200000,0.701306105,0.298647732,0.599385917,0.400597006,0.089650631,0.139396548
105,5.250000,0.709043205,0.290909469,0.598095119,0.401887208,0.097322077,0.133955568
106,5.300000,0.691561520,0.308387876,0.590197146,0.409784853,0.102300018,0.139677972
107,5.350000,0.675448239,0.324498624,0.581406832,0.418574840,0.102144569,0.147626400
108,5.400000,0.635856271,0.364088744,0.564072251,0.435908824,0.096511424,0.168203503
109,5.450000,0.660903573,0.339043468,0.580870211,0.419111371,0.094856232,0.153533787
110,5.500000,0.656618595,0.343326420,0.579146445,0.420834959,0.087149948,0.159178257
111,5.550000,0.669750452,0.330194861,0.584429026,0.415551990,0.096629113,0.147664368
112,5.600000,0.664707303,0.335237384,0.591777623,0.408203542,0.079538703,0.151974946
113,5.650000,0.666374207,0.333571613,0.588520706,0.411460340,0.092921346,0.155425310
114,5.700000,0.668182731,0.331761509,0.591490448,0.408490509,0.090061188,0.146671563
115,5.750000,0.662725270,0.337216973,0.595632076,0.404348701,0.085687280,0.149878025
116,5.800000,0.664457142,0.335484236,0.594876289,0.405104131,0.087908268,0.137487918
117,5.850000,0.664997816,0.334943950,0.590293169,0.409687042,0.105940372,0.132029593
118,5.900000,0.701553166,0.298394173,0.604257405,0.395723224,0.119912356,0.145822138
119,5.950000,0.669428229,0.330514193,0.591494262,0.408486128,0.109819233,0.132428825
120,6.000000,0.673998117,0.325944453,0.596979260,0.403001040,0.088043332,0.151047230
121,6.050000,0.696040988,0.303904295,0.604738235,0.395241857,0.102664769,0.172885746
122,6.100000,0.671604931,0.328335613,0.601666927,0.398312837,0.085892618,0.149831265
123,6.150000,0.662876666,0.337063193,0.590528131,0.409451127,0.092237651,0.182357192
124,6.200000,0.678580403,0.321359128,0.603103220,0.396876276,0.093539685,0.138734251
125,6.250000,0.669608831,0.330328137,0.599485815,0.400493413,0.079492688,0.151203901
126,6.300000,0.666923940,0.333011270,0.592075408,0.407903165,0.085832238,0.164668381
127,6.350000,0.686163008,0.313776702,0.601155043,0.398824096,0.102428615,0.157599717
128,6.400000,0.662280381,0.337657809,0.591281772,0.408696860,0.111113399,0.172537178
129,6.450000,0.666048110,0.333887696,0.598207355,0.401770622,0.083993852,0.154314339
130,6.500000,0.670457840,0.329477072,0.594324231,0.405654043,0.087665498,0.151284575
131,6.550000,0.674382806,0.325551510,0.591881871,0.408095926,0.097330451,0.142859280
132,6.600000,0.653843105,0.346091241,0.587700486,0.412277460,0.084917277,0.185566872
133,6.650000,0.948409855,0.051578138,0.807579875,0.192407101,0.245526701,0.160239249
134,6.700000,0.973721027,0.026272139,0.875510871,0.124479137,0.647183239,0.160012066
135,6.750000,0.979535937,0.020457430,0.873723686,0.126265794,0.808829784,0.142813683
136,6.800000,0.984360993,0.015632940,0.871694028,0.128295869,0.861994505,0.145500541
137,6.850000,0.984280467,0.015713466,0.881553292,0.118437089,0.800648332,0.173531562
138,6.900000,0.984009564,0.015984219,0.890003204,0.109987646,0.655552268,0.176487923
139,6.950000,0.985309124,0.014684357,0.885001898,0.114988551,0.474756092,0.154911160
140,7.000000,0.984949470,0.015043398,0.883798242,0.116191678,0.351675868,0.151066065
141,7.050000,0.983352244,0.016639637,0.886246622,0.113742754,0.317300379,0.155521125
142,7.100000,0.981639802,0.018350670,0.894288778,0.105700046,0.232916564,0.150681615
143,7.150000,0.977511525,0.022477075,0.896623671,0.103364713,0.167157441,0.128729910
144,7.200000,0.981519282,0.018471351,0.876351058,0.123636842,0.247820914,0.127910197
145,7.250000,0.973063111,0.026923500,0.884992719,0.114994347,0.162429452,0.136933059
146,7.300000,0.981790125,0.018200953,0.882000029,0.117988408,0.181793153,0.144610196
147,7.350000,0.983592212,0.016400676,0.893273592,0.106716640,0.519977510,0.160478830
148,7.400000,0.978425324,0.021568481,0.882843554,0.117147073,0.895522952,0.194582969
149,7.450000,0.986974359,0.013019549,0.888168573,0.111821890,0.914698839,0.148542374
150,7.500000,0.984431326,0.015561753,0.859136879,0.140852794,0.903690279,0.121114850
151,7.550000,0.979451835,0.020539936,0.857901871,0.142087355,0.862222791,0.152017564
152,7.600000,0.978228211,0.021763703,0.887786686,0.112203032,0.853993058,0.150513291
153,7.650000,0.979750335,0.020241871,0.899199128,0.100790642,0.833297014,0.146998495
154,7.700000,0.984431267,0.015562249,0.910388947,0.089601658,0.842771769,0.130990326
155,7.750000,0.983798206,0.016195131,0.917037427,0.082953133,0.799756646,0.140839219
156,7.800000,0.983130753,0.016862903,0.911965787,0.088025093,0.797434747,0.136387199
157,7.850000,0.981220722,0.018773187,0.915176511,0.084814973,0.793522656,0.158118576
158,7.900000,0.975680351,0.024313504,0.915799439,0.084192149,0.773708999,0.172884166
159,7.950000,0.971462905,0.028530760,0.917030394,0.082961224,0.765691876,0.155973732
160,8.000000,0.966996729,0.032996912,0.918834686,0.081156977,0.756514192,0.142866731
161,8.050000,0.961305261,0.038687970,0.919042289,0.080949359,0.750136077,0.148813784
162,8.100000,0.952005506,0.047987480,0.910587847,0.089403860,0.740407884,0.160997987
163,8.150001,0.944576323,0.055416457,0.906917274,0.093074396,0.722766161,0.145980030
164,8.200000,0.941950917,0.058041949,0.908536017,0.091455713,0.715591788,0.178524792
165,8.250000,0.946379244,0.053613674,0.914614499,0.085377261,0.715026796,0.135151148
166,8.300000,0.947804689,0.052188314,0.920121431,0.079870358,0.704725027,0.152480692
167,8.350000,0.948310673,0.051682666,0.922904849,0.077087171,0.710929513,0.157408834
168,8.400001,0.944471419,0.055521831,0.921340108,0.078651734,0.694466591,0.167823434
169,8.450000,0.937030911,0.062961772,0.913908839,0.086082824,0.649617434,0.168197870
170,8.500000,0.887191713,0.112794019,0.905319035,0.094672136,0.593686819,0.146928996
171,8.550000,0.879782200,0.120200582,0.924037814,0.075953722,0.505890012,0.149991512
172,8.600000,0.843152761,0.156823397,0.929032624,0.070958860,0.335559189,0.163468301
173,8.650001,0.917857587,0.082129322,0.931095481,0.068895958,0.409921348,0.154612124
174,8.700000,0.875609159,0.124369390,0.933558941,0.066432312,0.226084620,0.151880234
175,8.750000,0.879979968,0.119998097,0.939472854,0.060518693,0.159819126,0.150565326
176,8.800000,0.877704680,0.122272521,0.941172242,0.058819231,0.152871251,0.159295648
177,8.850000,0.879506290,0.120469838,0.944696665,0.055295043,0.134563357,0.161528140
178,8.900001,0.885196149,0.114780486,0.946922243,0.053069454,0.129487097,0.154546022
179,8.950000,0.880187035,0.119789109,0.944928467,0.055063259,0.118305981,0.165826976
180,9.000000,0.883428037,0.116547868,0.945814312,0.054177504,0.107357293,0.136419296
181,9.050000,0.895142913,0.104834713,0.946084082,0.053907905,0.095356733,0.144890368
182,9.100000,0.912952006,0.087028325,0.949490428,0.050501768,0.086710066,0.140241504
183,9.150001,0.911749065,0.088230595,0.947412491,0.052579589,0.058402181,0.150688350
184,9.200000,0.915687025,0.084293477,0.946484029,0.053508040,0.060091525,0.134641558
185,9.250000,0.922142744,0.077837586,0.949407041,0.050585147,0.068492770,0.128118992
186,9.300000,0.922502458,0.077478029,0.949970424,0.050021768,0.064502627,0.157461494
187,9.350000,0.930744171,0.069237441,0.950559080,0.049433116,0.078632385,0.152689934
188,9.400001,0.925229073,0.074751131,0.948370993,0.051621180,0.068673193,0.142685682
189,9.450000,0.927606463,0.072374374,0.948134899,0.051857270,0.067199349,0.139435232
190,9.500000,0.936687529,0.063294075,0.951794267,0.048197936,0.077822745,0.135596871
191,9.550000,0.979382873,0.020608675,0.969691873,0.030300677,0.131867528,0.137446553
192,9.600000,0.979437351,0.020554667,0.966118872,0.033873610,0.174399883,0.148556650
193,9.650001,0.970901549,0.029087555,0.963508844,0.036483403,0.150601774,0.153563857
194,9.700000,0.962513864,0.037472140,0.959262133,0.040730093,0.161181748,0.135729283
195,9.750000,0.962062299,0.037922733,0.962046385,0.037945870,0.137619585,0.142054737
196,9.800000,0.960407317,0.039576940,0.962341428,0.037650924,0.118600607,0.137861460
197,9.850000,0.956723690,0.043259922,0.960581660,0.039410759,0.086583883,0.150371283
198,9.900001,0.955125272,0.044857796,0.959555447,0.040436879,0.073289663,0.140279323
199,9.950000,0.975303829,0.024684714,0.966142058,0.033850383,0.140695840,0.148360461
200,10.000000,0.967475474,0.032508969,0.965178311,0.034813944,0.130770296,0.145960748
201,10.050000,0.961436033,0.038545009,0.964951813,0.035040509,0.113131136,0.140352011
202,10.100000,0.961667836,0.038315728,0.963179886,0.036812514,0.149536788,0.164924681
203,10.150001,0.965661645,0.034323048,0.964717209,0.035274945,0.175859094,0.147052139
204,10.200000,0.970170259,0.029816041,0.965301216,0.034691025,0.217609018,0.151780695
205,10.250000,0.964691401,0.035294197,0.960447192,0.039545007,0.194232434,0.146185070
206,10.300000,0.963804960,0.036180198,0.959628642,0.040363528,0.143172443,0.145301968
207,10.350000,0.961199284,0.038785964,0.955563605,0.044428632,0.116929322,0.144135416
208,10.400001,0.955287576,0.044697016,0.951589942,0.048402101,0.104010940,0.169839084
209,10.450000,0.957644463,0.042339426,0.953416765,0.046575394,0.091727674,0.150088072
210,10.500000,0.972571075,0.027416071,0.962946355,0.037045974,0.143247545,0.143928617
211,10.550000,0.989873886,0.010120722,0.975496531,0.024496749,0.758098841,0.179297984
212,10.600000,0.990096986,0.009897687,0.974763870,0.025229529,0.850057602,0.160608739
213,10.650001,0.990183055,0.009811766,0.971727967,0.028265463,0.878973007,0.159101814
214,10.700000,0.991288185,0.008706662,0.971764505,0.028228845,0.856150746,0.152593225
215,10.750000,0.992980003,0.007014795,0.966679633,0.033313718,0.762627542,0.146878451
216,10.800000,0.993854582,0.006140227,0.962011456,0.037981726,0.763419032,0.168356359
217,10.850000,0.994583964,0.005410834,0.962817550,0.037175763,0.729026377,0.165182382
218,10.900001,0.995370567,0.004624198,0.967503548,0.032489680,0.704936862,0.146916956
219,10.950000,0.996184766,0.003809957,0.969689488,0.030303730,0.712239444,0.155241609
220,11.000000,0.996828854,0.003165831,0.972533107,0.027460065,0.644832253,0.148759544
221,11.050000,0.997065723,0.002928839,0.970320284,0.029672937,0.520952702,0.146931767
222,11.100000,0.996529162,0.003465024,0.966761947,0.033231165,0.422922164,0.158133715
223,11.150001,0.995944023,0.004049911,0.962618232,0.037374765,0.355075330,0.157225490
224,11.200000,0.996504366,0.003489857,0.961904049,0.038088959,0.428530812,0.151627481
225,11.250000,0.993893802,0.006099126,0.953020692,0.046971969,0.306687146,0.144887775
226,11.300000,0.988323569,0.011667483,0.938567102,0.061425183,0.239056408,0.149650484
227,11.350000,0.981720328,0.018269194,0.926236868,0.073754951,0.193730921,0.148696095
228,11.400001,0.971841633,0.028145736,0.916265368,0.083726272,0.193094492,0.157509178
229,11.450000,0.960490584,0.039494842,0.904549420,0.095442079,0.182869315,0.165299147
230,11.500000,0.949953437,0.050030898,0.901209950,0.098781727,0.205939829,0.154668510
231,11.550000,0.947336912,0.052647218,0.908767760,0.091223896,0.187343389,0.163956285
232,11.600000,0.948929965,0.051055182,0.909671903,0.090319782,0.165150076,0.159537435
233,11.650001,0.935154915,0.064828567,0.903051376,0.096940152,0.130132794,0.162326276
234,11.700000,0.944128156,0.055856168,0.916443288,0.083548501,0.106139034,0.149894983
235,11.750000,0.935926914,0.064056441,0.915165901,0.084825784,0.077239633,0.164386928
236,11.800000,0.930283010,0.069700234,0.911048472,0.088943206,0.075018823,0.170608044
237,11.850000,0.920227647,0.079754889,0.905158460,0.094833136,0.081751257,0.187433362
238,11.900001,0.976883948,0.023109283,0.943004966,0.056988019,0.227889627,0.177910149
239,11.950000,0.954645872,0.045342736,0.928124070,0.071868122,0.139833242,0.148236603
240,12.000000,0.937009156,0.062976301,0.920090735,0.079901189,0.086696833,0.167096823
241,12.050000,0.975256145,0.024736578,0.943464816,0.056528065,0.250490129,0.158125371
242,12.100000,0.958620906,0.041367285,0.942005634,0.057986900,0.187398851,0.173262745
243,12.150001,0.952511311,0.047475390,0.940731108,0.059261359,0.154440224,0.156561434
244,12.200000,0.950456619,0.049529433,0.942254424,0.057737924,0.130694956,0.163758218
245,12.250000,0.944751680,0.055233363,0.939118326,0.060873795,0.102977663,0.158862680
246,12.300000,0.942502856,0.057482954,0.936169982,0.063822143,0.110448807,0.177486300
247,12.350000,0.931532919,0.068451270,0.928183019,0.071809031,0.093611598,0.156407505
248,12.400001,0.923476040,0.076507173,0.923839390,0.076152280,0.084754527,0.154548317
249,12.450000,0.919567525,0.080415115,0.921082616,0.078909166,0.083798468,0.157208949
250,12.500000,0.920345247,0.079636805,0.922081470,0.077910237,0.079909265,0.146963805
251,12.550000,0.915591061,0.084390178,0.919891238,0.080100410,0.067073673,0.158239961
252,12.600000,0.910131633,0.089849338,0.914849520,0.085141957,0.069293767,0.153795034
253,12.650001,0.907477736,0.092502788,0.912195802,0.087795623,0.068421423,0.158276081
254,12.700000,0.905581176,0.094399326,0.908368409,0.091622815,0.078447670,0.155367851
255,12.750000,0.911506653,0.088473506,0.912303686,0.087687589,0.076247334,0.161983758
256,12.800000,0.920609772,0.079372481,0.915254474,0.084736593,0.089906067,0.193182439
257,12.850000,0.908786237,0.091194034,0.905733943,0.094257034,0.077011913,0.168416351
258,12.900001,0.903924525,0.096054681,0.903065681,0.096925125,0.065682113,0.149009854
259,12.950000,0.911299229,0.088680267,0.908264995,0.091725931,0.078456581,0.129489362
260,13.000000,0.904015601,0.095963337,0.904548764,0.095442124,0.067882717,0.148668230
261,13.050000,0.902016461,0.097962163,0.900959313,0.099031635,0.072618932,0.141883254
262,13.100000,0.899908125,0.100069940,0.901500583,0.098490342,0.073236585,0.137885273
263,13.150001,0.893080950,0.106896572,0.895671666,0.104319036,0.082581341,0.144879878
264,13.200000,0.892039359,0.107937768,0.892383754,0.107607000,0.069577217,0.137038827
265,13.250000,0.891220152,0.108756796,0.892000735,0.107989930,0.076042473,0.140110672
266,13.300000,0.891704082,0.108273000,0.890898705,0.109091863,0.078202069,0.150953829
267,13.350000,0.889115572,0.110861026,0.887896061,0.112094320,0.083013058,0.163332433
268,13.400001,0.908633947,0.091345690,0.893121779,0.106868573,0.113494217,0.156946778
269,13.450000,0.979112744,0.020881180,0.947754860,0.052237622,0.471783280,0.150861353
270,13.500000,0.982977509,0.017016808,0.953759313,0.046233468,0.566469312,0.148216546
271,13.550000,0.986754119,0.013240589,0.957217813,0.042775568,0.924584627,0.149134547
272,13.600000,0.986887753,0.013106837,0.943802238,0.056190759,0.910382390,0.145140290
273,13.650001,0.988345563,0.011648663,0.945836484,0.054156102,0.890672982,0.145018458
274,13.700000,0.987983108,0.012010726,0.946906745,0.053085674,0.834931970,0.155143350
275,13.750000,0.986957729,0.013034681,0.947611988,0.052380256,0.760482073,0.147938430
276,13.800000,0.990230560,0.009762723,0.951871991,0.048120141,0.721484840,0.126817793
277,13.850000,0.987530470,0.012460799,0.951289713,0.048702076,0.663654506,0.153567612
278,13.900001,0.972846806,0.027140059,0.945556879,0.054434333,0.555276453,0.204244614
279,13.950000,0.975940287,0.024045380,0.948068976,0.051922299,0.513823688,0.165658534
280,14.000000,0.982521057,0.017469054,0.932764292,0.067226902,0.521183372,0.161639750
281,14.050000,0.988103867,0.011889769,0.909499526,0.090492129,0.787197590,0.162368268
282,14.100000,0.989600778,0.010393133,0.892642260,0.107349470,0.866098762,0.168169528
283,14.150001,0.991374493,0.008619713,0.891432464,0.108559303,0.853140950,0.163454771
284,14.200000,0.990861535,0.009132762,0.888136804,0.111854240,0.865338206,0.147871494
285,14.250000,0.990400434,0.009593920,0.871528864,0.128461957,0.824460804,0.149281055
286,14.300000,0.990862966,0.009131553,0.887357950,0.112633467,0.842324376,0.133069932
287,14.350000,0.991651356,0.008343173,0.875704587,0.124286838,0.864512920,0.147180706
288,14.400001,0.990133822,0.009860753,0.859922171,0.140069440,0.862791419,0.158639789
289,14.450000,0.987928152,0.012066462,0.838922083,0.161069661,0.843731880,0.145932853
290,14.500000,0.984065354,0.015929006,0.762396216,0.237594575,0.808924615,0.154285580
291,14.550000,0.977884948,0.022109080,0.651238739,0.348751575,0.825106859,0.161886573
292,14.600000,0.979263604,0.020730529,0.672386169,0.327604651,0.823318183,0.167631298
293,14.650001,0.982736588,0.017257812,0.738117039,0.261874139,0.843602419,0.175696462
294,14.700000,0.983637393,0.016357113,0.764840782,0.235150844,0.832493305,0.161962599
295,14.750000,0.984424233,0.015570224,0.787446558,0.212544829,0.782067657,0.147031486
296,14.800000,0.983217657,0.016776921,0.764658868,0.235332176,0.787371516,0.141915053
297,14.850000,0.981601655,0.018392934,0.753590405,0.246400833,0.863958001,0.149104536
298,14.900001,0.977367699,0.022626871,0.711068690,0.288922220,0.796507001,0.164681345
299,14.950000,0.971894503,0.028099868,0.648824811,0.351165503,0.748909533,0.131684601
300,15.000000,0.965661407,0.034332845,0.606687427,0.393302888,0.770571947,0.153573155
301,15.050000,0.955120742,0.044873260,0.548182368,0.451808542,0.820851505,0.139922321
302,15.100000,0.937239945,0.062753588,0.463695645,0.536296010,0.775810361,0.148519427
303,15.150001,0.938482285,0.061511189,0.453288704,0.546703100,0.717018604,0.147624642
304,15.200000,0.931120396,0.068872489,0.444289535,0.555701852,0.674018025,0.149835467
305,15.250000,0.925500929,0.074491538,0.429001033,0.570989966,0.656045854,0.141480982
306,15.300000,0.920644641,0.079347454,0.434739441,0.565251112,0.608807683,0.162281901
307,15.350000,0.919395506,0.080596738,0.468665898,0.531324863,0.548117459,0.169094920
308,15.400001,0.918205023,0.081787579,0.489956200,0.510035276,0.675945640,0.154321015
309,15.450000,0.904560626,0.095431454,0.456638128,0.543353260,0.769267380,0.147984594
310,15.500000,0.825577855,0.174406961,0.374501348,0.625488639,0.718208551,0.155465245
311,15.550000,0.781121671,0.218863204,0.386981457,0.613008857,0.688942194,0.146792531
312,15.600000,0.661758602,0.338220835,0.365976423,0.634013951,0.573398232,0.164067328
313,15.650001,0.633026361,0.366953671,0.361724526,0.638266444,0.414327025,0.161279142
314,15.700000,0.627164364,0.372816324,0.356610209,0.643380761,0.248578727,0.168224514
315,15.750000,0.594031692,0.405947000,0.363647372,0.636343300,0.161354065,0.149928778
316,15.800000,0.610925853,0.389053673,0.370602995,0.629387736,0.155349433,0.146323353
317,15.850000,0.540717125,0.459260166,0.351337910,0.648652554,0.134606302,0.174554914
318,15.900001,0.501371861,0.498606294,0.350131750,0.649858534,0.118022025,0.172916532
319,15.950000,0.424059540,0.575918436,0.347135305,0.652855098,0.099215180,0.201779932
320,16.000000,0.340402573,0.659573972,0.330315232,0.669675171,0.083406091,0.178524733
321,16.050001,0.299462348,0.700512886,0.326144218,0.673846006,0.067719072,0.167217702
322,16.100000,0.246759400,0.753217340,0.317011923,0.682978690,0.061623484,0.168795377
323,16.150000,0.231468379,0.768508136,0.317172617,0.682817876,0.063878506,0.145728141
324,16.200001,0.225406945,0.774569094,0.324298233,0.675692022,0.065309852,0.139796644
325,16.250000,0.217460945,0.782516062,0.329372972,0.670617282,0.071264565,0.158337593
326,16.300001,0.202861607,0.797114015,0.319276869,0.680713177,0.057533830,0.143942505
327,16.350000,0.196973830,0.803002417,0.318359554,0.681630492,0.055816025,0.152624905
328,16.400000,0.219594687,0.780382633,0.322341442,0.677648664,0.071702629,0.148747861
329,16.450001,0.191115111,0.808860242,0.315747172,0.684242547,0.052079141,0.142036349
330,16.500000,0.199013516,0.800961196,0.312052250,0.687937260,0.058114529,0.129023820
331,16.550001,0.208573401,0.791401327,0.318901420,0.681088150,0.068370968,0.144350946
332,16.600000,0.182982102,0.816992104,0.309586346,0.690403104,0.057710141,0.139049828
333,16.650000,0.179244831,0.820729673,0.307392508,0.692596734,0.060830891,0.160970509
334,16.700001,0.193731681,0.806242585,0.309003532,0.690985739,0.065041065,0.151209593
335,16.750000,0.172464430,0.827509344,0.305637181,0.694351852,0.062713832,0.141157031
336,16.800001,0.191469878,0.808503389,0.307253957,0.692735016,0.064659238,0.143119395
337,16.850000,0.194380671,0.805590868,0.305879831,0.694108725,0.068265021,0.141198277
338,16.900000,0.188761696,0.811210990,0.301910967,0.698077619,0.058712989,0.170031339
339,16.950001,0.194812596,0.805158854,0.299384922,0.700603366,0.059156179,0.170238853
340,17.000000,0.199600965,0.800369382,0.301920652,0.698067367,0.060951531,0.159879178
341,17.050001,0.224853709,0.775116026,0.319152176,0.680835426,0.071562797,0.167934716
342,17.100000,0.228965327,0.771003664,0.310018420,0.689969182,0.079785317,0.151433915
343,17.150000,0.226805404,0.773162723,0.305246830,0.694740534,0.080753535,0.153224468
344,17.200001,0.224864185,0.775103986,0.301750302,0.698236942,0.084117621,0.141734511
345,17.250000,0.228861034,0.771106660,0.302769125,0.697218180,0.077903360,0.149904519
346,17.300001,0.237914547,0.762052596,0.304767787,0.695219278,0.084679395,0.147733986
347,17.350000,0.241559207,0.758407474,0.305950433,0.694036663,0.076464742,0.155794770
348,17.400000,0.243892774,0.756074011,0.310150325,0.689836502,0.077969432,0.178238273
349,17.450001,0.252650678,0.747314036,0.309760422,0.690226078,0.067630440,0.159193963
350,17.500000,0.244709209,0.755255997,0.305682391,0.694304287,0.068114221,0.172832757
351,17.550001,0.258912593,0.741052568,0.316780239,0.683206379,0.077917397,0.154971451
352,17.600000,0.262367517,0.737596989,0.317897439,0.682088912,0.076270223,0.157752752
353,17.650000,0.270556539,0.729409099,0.327209294,0.672777116,0.072436064,0.178314447
354,17.700001,0.278686285,0.721277177,0.326403081,0.673583269,0.067073256,0.146709412
355,17.750000,0.285903513,0.714059949,0.327574074,0.672412217,0.065805286,0.139557779
356,17.800001,0.289390266,0.710573077,0.328366190,0.671619952,0.069034159,0.159840614
357,17.850000,0.295610636,0.704352319,0.331660956,0.668325007,0.073706567,0.162999868
358,17.900000,0.311017215,0.688946843,0.349583656,0.650402486,0.079111814,0.186382681
359,17.950001,0.329059839,0.670902610,0.354507536,0.645478189,0.090413690,0.155845821
360,18.000000,0.309509039,0.690452337,0.344130933,0.655854702,0.074564993,0.179622561
361,18.050001,0.465580285,0.534387589,0.379577845,0.620408118,0.114200354,0.144972891
362,18.100000,0.320086360,0.679875314,0.343464822,0.656520963,0.085774153,0.170582950
363,18.150000,0.333710998,0.666250646,0.341334611,0.658651233,0.080195278,0.150132596
364,18.200001,0.383191019,0.616771340,0.363755345,0.636230052,0.080619842,0.157991946
365,18.250000,0.875485480,0.124505669,0.647449076,0.352541149,0.219473898,0.158863693
366,18.300001,0.681511760,0.318467110,0.508507848,0.491479844,0.079417914,0.161518604
367,18.350000,0.727357388,0.272623330,0.535937428,0.464050353,0.080158472,0.168678552
368,18.400000,0.613633633,0.386340231,0.484649688,0.515337169,0.075596601,0.162862062
369,18.450001,0.521800160,0.478167415,0.455318511,0.544667661,0.066329926,0.148740619
370,18.500000,0.461583585,0.538379192,0.422411144,0.577574193,0.068788707,0.156697929
371,18.550001,0.490134835,0.509829640,0.425503045,0.574482381,0.091600627,0.170843899
372,18.600000,0.432163745,0.567796826,0.405126482,0.594858706,0.084470212,0.150579661
373,18.650000,0.410801977,0.589156628,0.393501401,0.606483340,0.083010614,0.164785802
374,18.700001,0.410888642,0.589068949,0.394636452,0.605348229,0.079931557,0.158989310
375,18.750000,0.412831604,0.587124705,0.404906362,0.595077872,0.071207643,0.151084244
376,18.800001,0.440468818,0.559488475,0.408413142,0.591571271,0.097943217,0.158672243
377,18.850000,0.420498252,0.579456091,0.411946297,0.588037610,0.080606669,0.146670252
378,18.900000,0.427336454,0.572616816,0.415774375,0.584209085,0.074925601,0.158246458
379,18.950001,0.428059042,0.571891844,0.412715495,0.587267637,0.070891380,0.135078251
380,19.000000,0.436035275,0.563915253,0.423585236,0.576397777,0.066589952,0.136614293
381,19.050001,0.455964923,0.543988645,0.429750890,0.570232689,0.100251675,0.139617532
382,19.100000,0.435999990,0.563950598,0.427044034,0.572938681,0.076571912,0.168424189
383,19.150000,0.441328138,0.558624625,0.427817911,0.572165549,0.073265642,0.177652687
384,19.200001,0.438371658,0.561578035,0.422139913,0.577842951,0.080452144,0.151861638
385,19.250000,0.052432388,0.947559774,0.235587403,0.764403701,0.075190395,0.569172680
386,19.300001,0.046404880,0.953589201,0.243767738,0.756224811,0.081366718,0.818499923
387,19.350000,0.037360650,0.962633908,0.242423952,0.757569194,0.080450624,0.798640132
388,19.400000,0.037450299,0.962544382,0.274693131,0.725300074,0.073417157,0.827447057
389,19.450001,0.042695556,0.957299113,0.287383020,0.712610126,0.068567306,0.831525266
390,19.500000,0.050686218,0.949308515,0.305314034,0.694679201,0.073302507,0.823839247
391,19.550001,0.060662787,0.939331949,0.315463096,0.684530139,0.087949902,0.808594942
392,19.600000,0.061035331,0.938959479,0.323460847,0.676532269,0.079767346,0.789643764
393,19.650000,0.066746444,0.933248401,0.325233400,0.674759507,0.069802046,0.741576016
394,19.700001,0.076937586,0.923057258,0.340784729,0.659208059,0.074884176,0.719172716
395,19.750000,0.084375069,0.915619850,0.358939409,0.641053438,0.069659978,0.715662897
396,19.800001,0.083188459,0.916806519,0.359610170,0.640383422,0.077474564,0.732603431
397,19.850000,0.097080104,0.902914822,0.375277102,0.624715984,0.084274918,0.720395207
398,19.900000,0.110499084,0.889495850,0.408847451,0.591145515,0.080012977,0.718183815
399,19.950001,0.113115348,0.886879504,0.407153994,0.592838526,0.075658351,0.736266375
400,20.000000,0.130263060,0.869731724,0.438163459,0.561828911,0.067516983,0.733511209
401,20.050001,0.142240971,0.857753754,0.438582122,0.561410129,0.082864344,0.723963976
402,20.100000,0.151210368,0.848784268,0.453977913,0.546014130,0.064573854,0.723055542
403,20.150000,0.163993955,0.836000681,0.457518816,0.542473316,0.090826333,0.753418565
404,20.200001,0.166023567,0.833971083,0.472550780,0.527441323,0.088163912,0.725103855
405,20.250000,0.176297903,0.823696494,0.502775133,0.497216910,0.076995760,0.731109500
406,20.300001,0.185046166,0.814948201,0.518875778,0.481116146,0.091151655,0.729093790
407,20.350000,0.192054227,0.807939887,0.528807580,0.471184194,0.081639290,0.720641911
408,20.400000,0.197711065,0.802282870,0.524239659,0.475752234,0.074293494,0.711519599
409,20.450001,0.253741592,0.746250629,0.504182577,0.495809078,0.084694117,0.727959514
410,20.500000,0.288643956,0.711348057,0.538189948,0.461801946,0.073594779,0.712398767
411,20.550001,0.236930132,0.763063550,0.536024272,0.463968068,0.087154746,0.743461370
412,20.600000,0.224921167,0.775072396,0.519894361,0.480098158,0.078566462,0.761547446
413,20.650000,0.272743762,0.727249146,0.518158793,0.481833905,0.085276663,0.747532487
414,20.700001,0.338178873,0.661812901,0.558276772,0.441715658,0.081856519,0.682835102
415,20.750000,0.356072813,0.643918991,0.586657524,0.413334876,0.069406658,0.601895452
416,20.800001,0.602917731,0.397069305,0.581633031,0.418359339,0.091859758,0.624819398
417,20.850000,0.809346795,0.190644279,0.696424782,0.303568125,0.093981415,0.566306710
418,20.900000,0.923916936,0.076077312,0.862228811,0.137764782,0.154806167,0.446213782
419,20.950001,0.937924922,0.062068313,0.867766798,0.132226601,0.125411242,0.403216541
420,21.000000,0.956630290,0.043363769,0.863818884,0.136174425,0.235736459,0.321021140
421,21.050001,0.951814353,0.048177768,0.855048716,0.144944370,0.256124318,0.241841882
422,21.100000,0.943631589,0.056358628,0.835602283,0.164390758,0.237827778,0.181033581
423,21.150000,0.928594351,0.071393311,0.826040447,0.173952535,0.163889885,0.151705533
424,21.200001,0.930036068,0.069950752,0.837747514,0.162245587,0.175138950,0.120459169
425,21.250000,0.925502777,0.074483074,0.853408098,0.146585330,0.150287032,0.104853988
426,21.300001,0.922454715,0.077529900,0.859733582,0.140259922,0.144562989,0.089519829
427,21.350000,0.925618470,0.074366629,0.865585268,0.134408385,0.155177176,0.086492419
428,21.400000,0.917676866,0.082307450,0.869483113,0.130510479,0.117426544,0.087520450
429,21.450001,0.929367840,0.070618443,0.882945180,0.117048495,0.105275393,0.096003681
430,21.500000,0.934269071,0.065718561,0.886884153,0.113109581,0.081082404,0.071400642
431,21.550001,0.949164212,0.050826270,0.903923571,0.096070170,0.074019551,0.073657066
432,21.600000,0.944732785,0.055258051,0.901557207,0.098436572,0.084418416,0.076574087
433,21.650000,0.941301048,0.058689412,0.893420815,0.106572904,0.090327621,0.066781163
434,21.700001,0.933214247,0.066775717,0.884825289,0.115168437,0.089449972,0.068598837
435,21.750000,0.925933719,0.074055940,0.870896935,0.129096732,0.098354131,0.063301265
436,21.800001,0.915275276,0.084714226,0.854616523,0.145377189,0.097639263,0.061019868
437,21.850000,0.929919600,0.070071943,0.872009397,0.127984330,0.133823514,0.075048596
438,21.900000,0.891409457,0.108579673,0.827886701,0.172106966,0.085249007,0.067081690
439,21.950001,0.886635900,0.113353379,0.829367340,0.170626357,0.069486707,0.070183545
440,22.000000,0.870039225,0.129949540,0.812011540,0.187982053,0.066503704,0.068630368
441,22.050001,0.845016718,0.154971108,0.785558939,0.214434549,0.069309682,0.059813112
442,22.100000,0.831256330,0.168731630,0.770438075,0.229555368,0.096739531,0.067588508
443,22.150000,0.806181431,0.193805918,0.744380891,0.255612552,0.096372336,0.071316421
444,22.200001,0.752432942,0.247554377,0.703820109,0.296173364,0.089405507,0.085106879
445,22.250000,0.764974713,0.235011965,0.706557453,0.293435931,0.086699992,0.082119972
446,22.300001,0.723648071,0.276337683,0.676245868,0.323747426,0.069576710,0.078637391
447,22.350000,0.720021725,0.279964834,0.671304703,0.328688651,0.093124330,0.078925043
448,22.400000,0.696242571,0.303743124,0.653837562,0.346155643,0.075213999,0.082625419
449,22.450001,0.692380667,0.307604849,0.645109832,0.354883343,0.066723228,0.076694787
450,22.500000,0.681874335,0.318110704,0.637029707,0.362963468,0.067448914,0.079067081
451,22.550001,0.676588297,0.323396534,0.632145822,0.367847323,0.066977173,0.076957434
452,22.600000,0.677917778,0.322067261,0.629842699,0.370150387,0.091948211,0.070662528
453,22.650000,0.670143545,0.329840928,0.621448398,0.378544748,0.082551777,0.065841287
454,22.700001,0.657545924,0.342438102,0.610210419,0.389782667,0.077780217,0.066722423
455,22.750000,0.649015665,0.350968003,0.603822291,0.396170706,0.070083469,0.080988467
456,22.800001,0.634381592,0.365602344,0.592972159,0.407020807,0.078250825,0.090574533
457,22.850000,0.665232599,0.334751487,0.608727694,0.391265213,0.074152499,0.072283566
458,22.900000,0.667542219,0.332441449,0.612432539,0.387560368,0.076748878,0.075216830
459,22.950001,0.652392089,0.347591549,0.591190517,0.408802390,0.089506119,0.060955673
460,23.000000,0.644710660,0.355272710,0.590663671,0.409329146,0.082190424,0.070680976
461,23.050001,0.642852187,0.357130527,0.587510943,0.412481755,0.082530320,0.069384426
462,23.100000,0.647389531,0.352594107,0.580034494,0.419958204,0.111255974,0.053936243
463,23.150000,0.627434134,0.372548640,0.580222547,0.419770122,0.078511059,0.073104382
464,23.200001,0.627979577,0.372003496,0.581000149,0.418992609,0.078397930,0.076677918
465,23.250000,0.621049702,0.378932625,0.572375000,0.427617639,0.083301097,0.075261623
466,23.300001,0.459495664,0.540489316,0.482792467,0.517200232,0.072039902,0.097782314
467,23.350000,0.575340629,0.424642026,0.540069640,0.459922761,0.093114138,0.078397632
468,23.400000,0.581907630,0.418075591,0.547651768,0.452340752,0.095139325,0.074245512
469,23.450001,0.594284892,0.405697405,0.553331375,0.446661055,0.085059881,0.081319749
470,23.500000,0.571725786,0.428256094,0.536831379,0.463161021,0.079107076,0.087167621
471,23.550001,0.467159212,0.532824099,0.476917088,0.523075342,0.070369095,0.118283510
472,23.600000,0.548703253,0.451279134,0.516727030,0.483265489,0.083088577,0.089106530
473,23.650000,0.533354640,0.466627419,0.513541698,0.486450672,0.069177866,0.074520051
474,23.700001,0.556429744,0.443552136,0.523411870,0.476580560,0.070912063,0.076633841
475,23.750000,0.546497762,0.453483969,0.515763938,0.484228432,0.066098481,0.075113952
476,23.800001,0.428806096,0.571178317,0.443876982,0.556115508,0.078069508,0.109969884
477,23.850000,0.538205147,0.461776525,0.500519216,0.499472976,0.077470362,0.095858991
478,23.900000,0.549738944,0.450242013,0.503082752,0.496909201,0.078949243,0.074227244
479,23.950001,0.540966153,0.459014624,0.499398410,0.500593662,0.073439717,0.080196112
480,24.000000,0.552075088,0.447905481,0.506550789,0.493441135,0.076178074,0.094218552
481,24.050001,0.530046463,0.469933301,0.495775610,0.504216194,0.067034394,0.102527857
482,24.100000,0.594570100,0.405411273,0.527308226,0.472683787,0.104526728,0.086487859
483,24.150000,0.556300163,0.443679482,0.513110459,0.486881226,0.076792091,0.090076536
484,24.200001,0.547757268,0.452222168,0.507146657,0.492844969,0.065976858,0.089716375
485,24.250000,0.553579092,0.446399987,0.505547285,0.494444400,0.074075103,0.078704834
486,24.300001,0.530055583,0.469924390,0.492312014,0.507679701,0.095456839,0.102215052
487,24.350000,0.552604735,0.447374016,0.508500397,0.491491050,0.087257534,0.071983308
488,24.400000,0.538124800,0.461853474,0.502249420,0.497741997,0.078325272,0.075930238
489,24.450001,0.539758325,0.460219264,0.500895083,0.499096125,0.074064136,0.077651769
490,24.500000,0.217380717,0.782608569,0.284865409,0.715127468,0.087279052,0.142462224
491,24.550001,0.310119331,0.689866364,0.333896756,0.666095853,0.082936496,0.088585287
492,24.600000,0.378875732,0.621108472,0.362134904,0.637857556,0.096250296,0.076521039
493,24.650000,0.339881688,0.660102427,0.345280647,0.654711843,0.076324552,0.081417054
494,24.700001,0.371211946,0.628770709,0.367012411,0.632979751,0.083670259,0.077850223
495,24.750000,0.365137935,0.634843946,0.367011338,0.632980645,0.078972220,0.087592542
496,24.800001,0.371356815,0.628624737,0.371322632,0.628669262,0.076621324,0.089968860
497,24.850000,0.371386170,0.628595531,0.366087675,0.633904278,0.085778564,0.092013240
498,24.900000,0.364872783,0.635108411,0.365490913,0.634500980,0.068313867,0.084441245
499,24.950001,0.362909973,0.637071192,0.366129398,0.633862376,0.069568783,0.086403191
500,25.000000,0.379301816,0.620678902,0.377431184,0.622560501,0.075795889,0.091966689
501,25.050001,0.383940637,0.616040528,0.375970036,0.624021709,0.087684989,0.103077650
502,25.100000,0.432094872,0.567885876,0.400934130,0.599057496,0.084783584,0.082426548
503,25.150000,0.427514642,0.572464287,0.405913830,0.594077289,0.079339951,0.083368093
504,25.200001,0.413509995,0.586468816,0.395851880,0.604139328,0.072426409,0.084513307
505,25.250000,0.400241375,0.599736512,0.391219318,0.608771503,0.070848197,0.107542217
506,25.300001,0.411426276,0.588550806,0.395367175,0.604623556,0.076116920,0.098037302
507,25.350000,0.452670813,0.547306657,0.419144660,0.580846012,0.099757612,0.093802899
508,25.400000,0.445946306,0.554028988,0.425637841,0.574352443,0.079014838,0.079865098
509,25.450001,0.451306403,0.548669159,0.418515205,0.581475198,0.089974016,0.078916013
510,25.500000,0.459303439,0.540671527,0.427797943,0.572192371,0.087594092,0.084152073
511,25.550001,0.881527305,0.118465811,0.723302186,0.276690632,0.299980402,0.091542989
512,25.600000,0.777801216,0.222186506,0.637903869,0.362087995,0.125861943,0.081118494
513,25.650000,0.719221413,0.280763149,0.609116852,0.390874684,0.076946765,0.070610672
514,25.700001,0.700725198,0.299256921,0.595739841,0.404251099,0.104014665,0.071717441
515,25.750000,0.639571846,0.360405982,0.567703247,0.432286948,0.103933811,0.072157592
516,25.800001,0.577969491,0.422007173,0.532489359,0.467500746,0.089482695,0.095318139
517,25.850000,0.585858583,0.414116770,0.539227009,0.460762948,0.103697687,0.086548269
518,25.900000,0.576261103,0.423712403,0.537056983,0.462932557,0.103588939,0.083710909
519,25.950001,0.563193500,0.436779618,0.526820779,0.473168731,0.086883903,0.086707979
520,26.000000,0.351648182,0.648332834,0.410520107,0.589470327,0.079111457,0.127258837
521,26.050001,0.069425471,0.930569112,0.106858961,0.893134952,0.076319367,0.446596116
522,26.100000,0.123310722,0.876682222,0.195460558,0.804532826,0.107292891,0.439021349
523,26.150000,0.047996983,0.951997876,0.116776079,0.883217573,0.075710207,0.779938340
524,26.200001,0.038392406,0.961602390,0.110604256,0.889389336,0.062746376,0.842477322
525,26.250000,0.035177588,0.964817166,0.118310541,0.881682932,0.076423109,0.886786580
526,26.300001,0.363635957,0.636360466,0.283716321,0.716277599,0.364805907,0.831361771
527,26.350000,0.273161948,0.726833820,0.259554207,0.740439355,0.294797480,0.758947790
528,26.400000,0.333716750,0.666279554,0.273450702,0.726542950,0.513384759,0.725012481
529,26.450001,0.452772975,0.547223985,0.374841511,0.625152826,0.821265340,0.792172909
530,26.500000,0.469485253,0.530511618,0.441343665,0.558650911,0.849208236,0.800284028
531,26.550001,0.492608339,0.507388353,0.549048424,0.450946122,0.873341441,0.780701339
532,26.600000,0.451002687,0.548994243,0.434699863,0.565294743,0.834931076,0.886164308
533,26.650000,0.436973006,0.563023865,0.370695621,0.629298985,0.874101996,0.838839054
534,26.700001,0.410739779,0.589256942,0.385002166,0.614992321,0.857106864,0.860712528
535,26.750000,0.357984424,0.642012060,0.380960703,0.619033515,0.833275497,0.848018408
536,26.800001,0.257221431,0.742774487,0.342092425,0.657901645,0.662464559,0.831514120
537,26.850000,0.303855181,0.696140826,0.381896406,0.618097723,0.535072327,0.739558756
538,26.900000,0.317811131,0.682184875,0.393474102,0.606520057,0.524694920,0.718059003
539,26.950001,0.324620306,0.675375640,0.413020670,0.586973429,0.535170436,0.653973341
540,27.000000,0.295356303,0.704639494,0.408347338,0.591646791,0.539092958,0.752005875
541,27.050001,0.279616475,0.720379353,0.384999394,0.614994764,0.471154869,0.877603233
542,27.100000,0.241618648,0.758377194,0.304722250,0.695272088,0.336690247,0.859146953
543,27.150000,0.204742134,0.795253634,0.198599175,0.801394939,0.335262120,0.807624340
544,27.200001,0.165668905,0.834326684,0.128404200,0.871589720,0.335773438,0.784317851
545,27.250000,0.120751999,0.879243374,0.095847704,0.904146135,0.290485531,0.754456282
546,27.300001,0.097863004,0.902132213,0.093816020,0.906177700,0.282703280,0.680242300
547,27.350000,0.069844030,0.930150926,0.087072939,0.912920594,0.254814744,0.571977258
548,27.400000,0.048082292,0.951911986,0.081504345,0.918489039,0.220748812,0.424916029
549,27.450001,0.054521207,0.945472240,0.070989802,0.929003656,0.224630058,0.323214114
550,27.500000,0.076508775,0.923484325,0.065934099,0.934059501,0.245107800,0.259620517
551,27.550001,0.043508016,0.956486464,0.099006385,0.900986969,0.217304885,0.558991075
552,27.600000,0.043370944,0.956622481,0.093494751,0.906498611,0.179896802,0.346188068
553,27.650000,0.031788684,0.968205690,0.093081772,0.906911552,0.149404347,0.329145610
554,27.700001,0.023947287,0.976047277,0.077489316,0.922504306,0.115083188,0.812634349
555,27.750000,0.020433985,0.979560614,0.096054524,0.903939068,0.105116874,0.868071795
556,27.800001,0.023453660,0.976540506,0.097561918,0.902431488,0.114848316,0.897556424
557,27.850000,0.036612548,0.963380694,0.075439721,0.924553573,0.091930747,0.863792658
558,27.900000,0.030486748,0.969507396,0.101422891,0.898570478,0.114883423,0.847556353
559,27.950001,0.032552972,0.967441082,0.098748416,0.901244879,0.113841593,0.817989945
560,28.000000,0.102148376,0.897845924,0.090110004,0.909883261,0.154003412,0.854440987
561,28.050001,0.042627782,0.957366407,0.092285216,0.907707930,0.093416899,0.832218409
562,28.100000,0.034024950,0.965969384,0.108115375,0.891877532,0.069275945,0.838886857
563,28.150000,0.033192787,0.966801465,0.108970769,0.891021907,0.086067140,0.714199901
564,28.200001,0.035877943,0.964115798,0.103374392,0.896618307,0.084314466,0.699239254
565,28.250000,0.296531498,0.703463197,0.135977969,0.864014983,0.295520067,0.586746931
566,28.300001,0.475332141,0.524663627,0.128879055,0.871114075,0.643053949,0.502385199
567,28.350000,0.475937039,0.524058580,0.108388178,0.891604960,0.660377443,0.418184906
568,28.400000,0.483169824,0.516825497,0.094658196,0.905334949,0.625677943,0.263915300
569,28.450001,0.486133486,0.513862610,0.134613886,0.865379393,0.689775646,0.336699843
570,28.500000,0.423178107,0.576818228,0.128494233,0.871498823,0.715379179,0.596052408
571,28.550001,0.379672796,0.620323002,0.127500102,0.872492909,0.773824811,0.449495733
572,28.600000,0.295325398,0.704670191,0.127010509,0.872982383,0.798075318,0.429545343
573,28.650000,0.253567219,0.746428490,0.112541758,0.887451112,0.770945072,0.610870421
574,28.700001,0.295879483,0.704115987,0.134283811,0.865709066,0.697109520,0.454144508
575,28.750000,0.225633413,0.774360895,0.178040832,0.821951687,0.653800368,0.406186461
576,28.800001,0.156180188,0.843811631,0.256567746,0.743423879,0.536989570,0.375959724
577,28.850000,0.109784126,0.890206754,0.331947148,0.668044150,0.373227268,0.403262883
578,28.900000,0.101162873,0.898826361,0.364776880,0.635214210,0.265185297,0.361408949
579,28.950001,0.315708160,0.684283376,0.519946337,0.480045557,0.363304377,0.367255211
580,29.000000,0.232080325,0.767912149,0.541358650,0.458633870,0.283243984,0.455105156
581,29.050001,0.180744618,0.819246769,0.436944455,0.563047469,0.239861816,0.629031241
582,29.100000,0.108400032,0.891593814,0.424093843,0.575898290,0.240272999,0.819193125
583,29.150000,0.179765329,0.820225179,0.507950783,0.492041230,0.179020613,0.664143741
584,29.200001,0.229141623,0.770846248,0.468063384,0.531928241,0.142418265,0.582493663
585,29.250000,0.297268033,0.702719986,0.532489657,0.467502147,0.154183358,0.418514252
586,29.300001,0.300862461,0.699125528,0.518735647,0.481256098,0.132016420,0.286548793
587,29.350000,0.306744099,0.693244934,0.502480626,0.497511059,0.133810222,0.271753967
588,29.400000,0.474018306,0.525972247,0.535506606,0.464485407,0.161375821,0.157266974
589,29.450001,0.405331910,0.594656706,0.555679500,0.444311887,0.133962452,0.138391435
590,29.500000,0.372594714,0.627393186,0.525354862,0.474636316,0.139139771,0.119146168
591,29.550001,0.365500957,0.634486139,0.518350959,0.481640130,0.135177672,0.086573035
592,29.600000,0.386528254,0.613458753,0.546276212,0.453714937,0.139034897,0.078919768
593,29.650000,0.449380040,0.550615609,0.547308624,0.452682704,0.349176615,0.185111046
594,29.700001,0.224149868,0.775842786,0.512423277,0.487566918,0.154193252,0.462532878
595,29.750000,0.167417914,0.832576156,0.400106817,0.599884331,0.147440791,0.787625253
596,29.800001,0.107587397,0.892407119,0.380699605,0.619291484,0.105133563,0.896448255
597,29.850000,0.089329690,0.910664916,0.316903770,0.683087587,0.089079618,0.915825009
598,29.900000,0.161125898,0.838869095,0.398350328,0.601641357,0.116204083,0.912825763
599,29.950001,0.097168691,0.902825296,0.413330287,0.586660862,0.087123752,0.886118650
600,30.000000,0.080209203,0.919784546,0.453649491,0.546341538,0.092518419,0.825688422
601,30.050001,0.070477344,0.929516017,0.468539983,0.531451225,0.089654773,0.766370833
602,30.100000,0.093100734,0.906890512,0.527216434,0.472774714,0.075479448,0.695492387
603,30.150000,0.126588836,0.873399913,0.536611378,0.463380158,0.076543987,0.648752570
604,30.200001,0.064774111,0.935218513,0.551145315,0.448846310,0.064239234,0.733148456
605,30.250000,0.069707349,0.930285037,0.532453954,0.467537910,0.068774253,0.814940333
606,30.300001,0.041690078,0.958303690,0.481735915,0.518256009,0.068158805,0.901629150
607,30.350000,0.040643115,0.959350765,0.562260866,0.437730968,0.068697274,0.875764966
608,30.400000,0.041887663,0.958106279,0.557343841,0.442648411,0.059265792,0.826241076
609,30.450001,0.033361763,0.966632426,0.498701215,0.501291096,0.070774794,0.752555370
610,30.500000,0.039316807,0.960676908,0.542429388,0.457563013,0.086340696,0.665736675
611,30.550001,0.054498181,0.945494831,0.590487957,0.409504622,0.078637600,0.631145477
612,30.600000,0.060503863,0.939489126,0.596775353,0.403217256,0.082117975,0.604378164
613,30.650000,0.087849885,0.912142158,0.612497151,0.387495577,0.085528791,0.507020473
614,30.700001,0.138110250,0.861879706,0.698838651,0.301154196,0.080134720,0.651891649
615,30.750000,0.092596121,0.907396019,0.655871749,0.344120950,0.055339456,0.823716819
616,30.800001,0.083178051,0.916814446,0.641990542,0.358001888,0.064847410,0.850078464
617,30.850000,0.064678140,0.935315251,0.562980890,0.437011212,0.060306758,0.871105552
618,30.900000,0.061691921,0.938301623,0.521695435,0.478296518,0.073416770,0.823905110
619,30.950001,0.069278531,0.930714846,0.481279939,0.518711925,0.092218131,0.757824540
620,31.000000,0.066631265,0.933362186,0.454483360,0.545508623,0.069315612,0.632128477
621,31.050001,0.061225761,0.938768089,0.459667146,0.540324390,0.073636413,0.579984963
622,31.100000,0.066265263,0.933728695,0.476909488,0.523081899,0.078051835,0.592524469
623,31.150000,0.071082532,0.928911686,0.461997658,0.537993908,0.077097267,0.597631872
624,31.200001,0.075750798,0.924243510,0.439031363,0.560960114,0.095944583,0.697765112
625,31.250000,0.074635856,0.925358474,0.459364325,0.540627122,0.081485540,0.663182259
626,31.300001,0.090130247,0.909863114,0.560514688,0.439476550,0.075123161,0.541132808
627,31.350000,0.111542664,0.888450205,0.597334743,0.402656764,0.084723413,0.432734013
628,31.400000,0.111462653,0.888530493,0.526016653,0.473975241,0.090086222,0.605519652
629,31.450001,0.142048374,0.857944608,0.499778599,0.500213623,0.095901966,0.837159097
630,31.500000,0.149657741,0.850335479,0.320483297,0.679509342,0.079590738,0.903503537
631,31.550001,0.190500334,0.809492886,0.306812018,0.693180621,0.076413572,0.897762060
632,31.600000,0.202114657,0.797878623,0.291959107,0.708033681,0.077588499,0.883537054
633,31.650000,0.227486640,0.772506714,0.268549383,0.731443524,0.072264165,0.856606603
634,31.700001,0.267850220,0.732143283,0.237817675,0.762175381,0.092460215,0.847035170
635,31.750000,0.287375033,0.712618709,0.206427500,0.793565691,0.078762650,0.885137379
636,31.800001,0.348454982,0.651538670,0.193436727,0.806556582,0.076498389,0.888567388
637,31.850000,0.382332325,0.617660999,0.161630824,0.838362455,0.077752680,0.819132686
638,31.900000,0.473586708,0.526404798,0.179825887,0.820167243,0.067756534,0.759097219
639,31.950001,0.568558037,0.431432247,0.194342315,0.805650711,0.073190957,0.692655206
640,32.000000,0.614138186,0.385851771,0.201312587,0.798680365,0.075838417,0.587173820
641,32.049999,0.515926421,0.484065086,0.211722627,0.788270414,0.063524783,0.483183861
642,32.100002,0.338082403,0.661912143,0.328338981,0.671653450,0.071997404,0.703997016
643,32.150002,0.455289006,0.544703186,0.413744450,0.586247742,0.071990967,0.648847044
644,32.200001,0.517389297,0.482602179,0.459363788,0.540628016,0.085155785,0.592489600
645,32.250000,0.336339772,0.663654208,0.457469910,0.542521536,0.071842879,0.721739173
646,32.299999,0.356354058,0.643638551,0.467672944,0.532317996,0.072139829,0.588813066
647,32.350002,0.371813029,0.628178656,0.498620361,0.501370490,0.084338725,0.531731963
648,32.400002,0.399378538,0.600611627,0.526142478,0.473848671,0.078208655,0.417335182
649,32.450001,0.414946020,0.585042894,0.548034549,0.451956481,0.069824368,0.383806288
650,32.500000,0.481037974,0.518948972,0.566546381,0.433444947,0.068932712,0.290067643
651,32.549999,0.544865787,0.455119729,0.593193054,0.406798691,0.071526557,0.277053416
652,32.600002,0.350133210,0.649855912,0.556846678,0.443144888,0.064644814,0.236447453
653,32.650002,0.525873125,0.474112272,0.575777888,0.424214095,0.069551200,0.154344052
654,32.700001,0.536002934,0.463983536,0.592009723,0.407982349,0.094628602,0.157924891
655,32.750000,0.561219215,0.438767284,0.616351187,0.383641243,0.097180337,0.111360729
656,32.799999,0.540686369,0.459299505,0.619447947,0.380544484,0.077268720,0.089139670
657,32.850002,0.565692246,0.434293240,0.639757872,0.360234350,0.076155394,0.070485026
658,32.900002,0.562972367,0.437013268,0.642104745,0.357887566,0.071439475,0.069513947
659,32.950001,0.600580156,0.399406463,0.649068534,0.350923896,0.105612576,0.075496763
660,33.000000,0.582954645,0.417030752,0.655277133,0.344715267,0.080179185,0.056538552
661,33.049999,0.564014375,0.435971320,0.657585621,0.342406780,0.075685143,0.059494346
662,33.100002,0.842147171,0.157845169,0.751918077,0.248075008,0.147345543,0.054832727
663,33.150002,0.898228049,0.101765931,0.810747445,0.189245641,0.237730175,0.043797940
664,33.200001,0.909302592,0.090691373,0.814391494,0.185601801,0.216286391,0.051803291
665,33.250000,0.941118360,0.058876410,0.809918463,0.190074667,0.605059028,0.053604186
666,33.299999,0.956988156,0.043006603,0.822235465,0.177757725,0.803211570,0.049659461
667,33.350002,0.965836108,0.034158740,0.817674756,0.182318628,0.828001022,0.050176620
668,33.400002,0.962190628,0.037804291,0.774431229,0.225562558,0.875806928,0.054231048
669,33.450001,0.971605659,0.028389193,0.786625624,0.213368267,0.870825529,0.058854461
670,33.500000,0.975605488,0.024389345,0.755293012,0.244700968,0.873704374,0.055734992
671,33.549999,0.978497684,0.021497149,0.782923043,0.217070937,0.823739469,0.054476053
672,33.600002,0.979548812,0.020446027,0.775762618,0.224231541,0.829831004,0.053951412
673,33.650002,0.978164494,0.021830287,0.780913949,0.219080061,0.808369935,0.064216763
674,33.700001,0.972742438,0.027252330,0.790820122,0.209173992,0.816863656,0.066419423
675,33.750000,0.972857416,0.027137378,0.811582208,0.188411757,0.831658244,0.055895060
676,33.799999,0.964208424,0.035786290,0.816462159,0.183531716,0.787506223,0.060951710
677,33.850002,0.963467717,0.036527041,0.824344993,0.175648734,0.790071905,0.060686141
678,33.900002,0.953144729,0.046849877,0.823953927,0.176039621,0.775830150,0.055025250
679,33.950001,0.941332042,0.058662061,0.825605512,0.174387753,0.786939919,0.055791825
680,34.000000,0.905876994,0.094116777,0.808957160,0.191035822,0.757910848,0.057150632
681,34.049999,0.885352969,0.114641301,0.810957909,0.189035088,0.750552297,0.071590245
682,34.100002,0.870376527,0.129617721,0.816532612,0.183460355,0.765142441,0.076170206
683,34.150002,0.859375119,0.140618935,0.823493302,0.176499620,0.793576956,0.057633430
684,34.200001,0.829995990,0.169997603,0.811267614,0.188725233,0.803921640,0.050974995
685,34.250000,0.778077960,0.221915126,0.789881587,0.210111067,0.777658939,0.063047349
686,34.299999,0.719106734,0.280885160,0.771202922,0.228789553,0.742039442,0.061067849
687,34.350002,0.739777088,0.260215789,0.767969489,0.232023016,0.739693522,0.060593992
688,34.400002,0.720713496,0.279279262,0.763723671,0.236268774,0.710769057,0.065882921
689,34.450001,0.691218257,0.308773726,0.771893084,0.228099525,0.713477910,0.068700522
690,34.500000,0.662103176,0.337887913,0.764715731,0.235276774,0.687442720,0.052121311
691,34.549999,0.518623769,0.481364071,0.750121117,0.249871537,0.698238611,0.054345340
692,34.600002,0.505416751,0.494571894,0.776940882,0.223051995,0.474070162,0.064095527
693,34.650002,0.544067740,0.455921620,0.799179077,0.200813800,0.323537350,0.062526256
694,34.700001,0.519157529,0.480831295,0.804997206,0.194995672,0.255003095,0.064906806
695,34.750000,0.516706526,0.483280718,0.802898288,0.197094589,0.239354163,0.058434010
696,34.799999,0.523344696,0.476642221,0.795708835,0.204284072,0.217436910,0.059685409
697,34.850002,0.531940460,0.468045890,0.781360507,0.218632311,0.187694937,0.060319722
698,34.900002,0.545232296,0.454753578,0.774881542,0.225111321,0.132427931,0.055492997
699,34.950001,0.565289199,0.434696645,0.772092700,0.227900162,0.109441251,0.062197834
700,35.000000,0.603215873,0.396770209,0.772737682,0.227255389,0.092433989,0.057728440
701,35.049999,0.647346616,0.352640122,0.776723564,0.223269507,0.082893252,0.063101739
702,35.100002,0.691568017,0.308419049,0.779512763,0.220480427,0.085614324,0.059959054
703,35.150002,0.711742461,0.288244933,0.774508417,0.225484818,0.069756776,0.066916525
704,35.200001,0.721946478,0.278040022,0.766923368,0.233069867,0.057552367,0.058875740
705,35.250000,0.726130128,0.273856491,0.761263907,0.238729402,0.062356621,0.058774680
706,35.299999,0.728919685,0.271066874,0.753775954,0.246217325,0.064601749,0.057795912
707,35.350002,0.723911881,0.276075125,0.751388550,0.248604730,0.058674008,0.072129190
708,35.400002,0.747256219,0.252730489,0.758429229,0.241564110,0.060297191,0.062688351
709,35.450001,0.802112162,0.197876766,0.777026355,0.222966999,0.070666403,0.056161135
710,35.500000,0.815939248,0.184050202,0.775619566,0.224373832,0.077270895,0.050437957
711,35.549999,0.790537477,0.209450245,0.765651762,0.234341547,0.066393733,0.058284163
712,35.600002,0.799871564,0.200116128,0.768732965,0.231260359,0.067839086,0.058248013
713,35.650002,0.791402102,0.208585516,0.761948347,0.238045052,0.067628354,0.067125946
714,35.700001,0.776060283,0.223926947,0.753003895,0.246989518,0.048387557,0.069234401
715,35.750000,0.765177429,0.234809697,0.744872034,0.255121380,0.054068029,0.060797155
716,35.799999,0.752873659,0.247113407,0.730695963,0.269297391,0.061573386,0.055646867
717,35.850002,0.753782153,0.246204615,0.728608310,0.271385044,0.061898291,0.053848296
718,35.900002,0.740451157,0.259535581,0.717775941,0.282217413,0.065112978,0.057791770
719,35.950001,0.763659716,0.236328438,0.718925714,0.281067610,0.083632976,0.052772135
720,36.000000,0.737877131,0.262109786,0.716164291,0.283829033,0.059248626,0.064064831
721,36.049999,0.733827174,0.266159952,0.711444974,0.288548380,0.056269288,0.062713921
722,36.100002,0.753629088,0.246358022,0.720453084,0.279540181,0.065525115,0.054386109
723,36.150002,0.737507224,0.262479961,0.718464673,0.281528562,0.061863124,0.068662733
724,36.200001,0.738606274,0.261380851,0.705535531,0.294457734,0.094621986,0.055280745
725,36.250000,0.730592370,0.269394606,0.703561842,0.296431482,0.079460293,0.059096158
726,36.299999,0.735002995,0.264983773,0.706118047,0.293875247,0.081813753,0.056402773
727,36.350002,0.710869312,0.289117455,0.692399144,0.307594061,0.078159690,0.067550600
728,36.400002,0.356797248,0.643198311,0.391054213,0.608939052,0.129507869,0.316654682
729,36.450001,0.198477715,0.801517844,0.191382393,0.808611333,0.083868563,0.748709440
730,36.500000,0.142817125,0.857178032,0.138844699,0.861148715,0.062246561,0.876798630
731,36.549999,0.097387932,0.902606845,0.074514247,0.925479293,0.068418384,0.838355064
732,36.600002,0.063713342,0.936281085,0.054240197,0.945753455,0.061874062,0.821829677
733,36.650002,0.049255595,0.950738668,0.052416746,0.947577000,0.065629750,0.860588551
734,36.700001,0.034292903,0.965701759,0.039162990,0.960830867,0.093096763,0.875340819
735,36.750000,0.022363091,0.977631390,0.034337930,0.965655625,0.070706308,0.853789449
736,36.799999,0.019192161,0.980802059,0.033680439,0.966312826,0.072232455,0.782642603
737,36.850002,0.017433317,0.982560992,0.038071916,0.961921513,0.071310401,0.756323934
738,36.900002,0.021388549,0.978605688,0.031492092,0.968501270,0.097899705,0.780334592
739,36.950001,0.019818408,0.980175257,0.019627400,0.980365813,0.075797558,0.826972127
740,37.000000,0.017328927,0.982664704,0.016905708,0.983087420,0.051538229,0.858580470
741,37.049999,0.017156465,0.982837260,0.014843494,0.985149682,0.060497165,0.848421812
742,37.100002,0.018321773,0.981671631,0.012354832,0.987638295,0.066201329,0.818392634
743,37.150002,0.019069344,0.980924189,0.011599030,0.988394141,0.070201129,0.835502505
744,37.200001,0.021850048,0.978143096,0.010849702,0.989143372,0.093082756,0.807822704
745,37.250000,0.022669045,0.977323592,0.009957327,0.990035653,0.087124467,0.809471130
746,37.299999,0.022356404,0.977636456,0.009241945,0.990750968,0.078209996,0.812067628
747,37.350002,0.021660892,0.978332102,0.008505744,0.991487205,0.080435693,0.785747290
748,37.400002,0.020962890,0.979030132,0.008617410,0.991375506,0.073916167,0.802883089
749,37.450001,0.020482482,0.979510307,0.008037385,0.991955459,0.095206767,0.822885931
750,37.500000,0.018357618,0.981635153,0.007543287,0.992449403,0.081023574,0.776683211
751,37.549999,0.017498273,0.982494175,0.007458281,0.992534280,0.091908276,0.761482358
752,37.600002,0.016604792,0.983387709,0.007251800,0.992740810,0.093933582,0.742266893
753,37.650002,0.014224174,0.985768795,0.007140056,0.992852569,0.082503498,0.759542704
754,37.700001,0.013886201,0.986106575,0.006787143,0.993205369,0.102269381,0.727680504
755,37.750000,0.012551081,0.987441421,0.006854428,0.993138194,0.088196516,0.791277885
756,37.799999,0.011891867,0.988100588,0.006866797,0.993125618,0.077752560,0.720792651
757,37.850002,0.011893287,0.988098919,0.007123644,0.992868662,0.084540784,0.704987645
758,37.900002,0.016085548,0.983902454,0.006749566,0.993242979,0.087869734,0.662264585
759,37.950001,0.022240696,0.977741003,0.006506629,0.993485987,0.080755264,0.600086510
760,38.000000,0.029401604,0.970575273,0.006599627,0.993393004,0.086504698,0.463410020
761,38.049999,0.028087795,0.971886992,0.006419301,0.993573248,0.079016924,0.307905316
762,38.100002,0.025771582,0.974203348,0.006233112,0.993759513,0.079090655,0.257936299
763,38.150002,0.023954827,0.976019561,0.006236929,0.993755698,0.072697878,0.190778464
764,38.200001,0.026341869,0.973632753,0.006261869,0.993730783,0.102220744,0.136955351
765,38.250000,0.021534322,0.978443205,0.007013057,0.992979527,0.068392456,0.142505229
766,38.299999,0.020560432,0.979416788,0.006919548,0.993073106,0.081730396,0.108283579
767,38.350002,0.017334701,0.982643425,0.007017072,0.992975712,0.073216558,0.074161142
768,38.400002,0.015157579,0.984821558,0.006867976,0.993124843,0.074958026,0.069560111
769,38.450001,0.013634958,0.986344337,0.006848477,0.993144393,0.085561216,0.063143313
770,38.500000,0.011981719,0.987998545,0.006992219,0.993000746,0.078618348,0.072818726
771,38.549999,0.010588282,0.989392936,0.007201942,0.992790997,0.081850499,0.072548538
772,38.600002,0.009921730,0.990059853,0.007501785,0.992491245,0.066073626,0.056472659
773,38.650002,0.008654836,0.991326928,0.007383308,0.992609739,0.077304363,0.057258129
774,38.700001,0.007913422,0.992068946,0.007389482,0.992603600,0.079190105,0.052442253
775,38.750000,0.007518388,0.992464304,0.007454643,0.992538512,0.069673240,0.046187103
776,38.799999,0.006944635,0.993038595,0.007600557,0.992392600,0.067271590,0.049302489
777,38.850002,0.006356871,0.993627012,0.007755646,0.992237508,0.078239590,0.051012367
778,38.900002,0.005905833,0.994078457,0.007790767,0.992202520,0.070420146,0.053621799
779,38.950001,0.005434687,0.994550169,0.007607685,0.992385685,0.085205525,0.058989525
780,39.000000,0.005461256,0.994523644,0.007516121,0.992477238,0.094685137,0.056520253
781,39.049999,0.005188433,0.994796991,0.007822162,0.992171228,0.075402021,0.060930312
782,39.100002,0.005152333,0.994833052,0.008067771,0.991925657,0.084233224,0.055286050
783,39.150002,0.004962795,0.995022714,0.007755320,0.992238104,0.096063823,0.067291886
784,39.200001,0.004772432,0.995213807,0.007975644,0.992017806,0.072097391,0.083455503
785,39.250000,0.004909596,0.995076239,0.007878134,0.992115378,0.065813303,0.062536627
786,39.299999,0.004866377,0.995119452,0.008114141,0.991879344,0.072008818,0.058433712
787,39.350002,0.004579702,0.995406330,0.008173171,0.991820276,0.071958959,0.068035901
788,39.400002,0.004580702,0.995405376,0.008331008,0.991662502,0.074208975,0.061306775
789,39.450001,0.004659528,0.995326519,0.008624595,0.991368830,0.075547069,0.053045988
790,39.500000,0.004700581,0.995285690,0.008739064,0.991254449,0.087835491,0.055878013
791,39.549999,0.004551790,0.995434642,0.009049615,0.990943909,0.071976900,0.067326307
792,39.600002,0.004299370,0.995687425,0.008891989,0.991101503,0.082050145,0.071325958
793,39.650002,0.004662187,0.995324135,0.009319234,0.990674198,0.074170768,0.059160531
794,39.700001,0.004636018,0.995350420,0.009354019,0.990639448,0.087925106,0.062040567
795,39.750000,0.004230145,0.995757043,0.009263659,0.990729868,0.076544225,0.086238503
796,39.799999,0.004604054,0.995382726,0.009580418,0.990413129,0.073129296,0.074570894
797,39.850002,0.004596595,0.995390177,0.009633998,0.990359485,0.063812792,0.067255884
798,39.900002,0.001906701,0.998086929,0.012246082,0.987747788,0.071074367,0.103095531
799,39.950001,0.001719963,0.998274744,0.014742493,0.985251486,0.096128821,0.168269724
800,40.000000,0.001758401,0.998236358,0.016726563,0.983267486,0.075704366,0.267843246
801,40.049999,0.001607434,0.998387337,0.018740660,0.981253386,0.080397666,0.500770390
802,40.100002,0.058343671,0.941651464,0.027822515,0.972171366,0.143877059,0.520468354
803,40.150002,0.007788775,0.992206156,0.028321017,0.971673012,0.109175861,0.741498172
804,40.200001,0.003045365,0.996949494,0.033344496,0.966649592,0.077634335,0.750220537
805,40.250000,0.002664080,0.997330666,0.037574925,0.962419093,0.101182371,0.769302726
806,40.299999,0.002131202,0.997863650,0.041292779,0.958701193,0.078411698,0.900958180
807,40.350002,0.001991324,0.998003483,0.051878292,0.948115349,0.077198476,0.881326914
808,40.400002,0.002294550,0.997700274,0.072687984,0.927305758,0.104045421,0.895778179
809,40.450001,0.002301044,0.997693777,0.084521748,0.915471971,0.092734694,0.875342727
810,40.500000,0.002078076,0.997916579,0.101208203,0.898785412,0.067658067,0.866340041
811,40.549999,0.002254184,0.997740388,0.117433727,0.882559896,0.070596218,0.890574694
812,40.600002,0.002899322,0.997095227,0.120047785,0.879945993,0.063548028,0.882204235
813,40.650002,0.003046531,0.996948004,0.105824634,0.894169211,0.058323354,0.843871355
814,40.700001,0.003567812,0.996426761,0.117857449,0.882136524,0.054085761,0.803408325
815,40.750000,0.004756201,0.995238304,0.124567017,0.875426948,0.087340862,0.779608130
816,40.799999,0.005539437,0.994454980,0.115239672,0.884754241,0.063487560,0.751641870
817,40.850002,0.007559428,0.992434859,0.104306877,0.895687044,0.045825362,0.746931434
818,40.900002,0.010211407,0.989782870,0.103532054,0.896461844,0.052112699,0.794115901
819,40.950001,0.013363965,0.986630380,0.094382577,0.905611277,0.058397204,0.830994606
820,41.000000,0.012681890,0.987312675,0.100654103,0.899339795,0.097993881,0.888371408
821,41.049999,0.018404415,0.981589854,0.090530217,0.909463525,0.069659442,0.869656682
822,41.100002,0.030293787,0.969700217,0.085522771,0.914470971,0.075332105,0.820404410
823,41.150002,0.038793508,0.961200178,0.092163667,0.907829940,0.070786327,0.749356151
824,41.200001,0.036131900,0.963862002,0.106480703,0.893512845,0.072201192,0.762160540
825,41.250000,0.055340573,0.944653451,0.099822059,0.900171518,0.107005358,0.803829312
826,41.299999,0.075383231,0.924610496,0.075340137,0.924653411,0.068211138,0.815762520
827,41.350002,0.082642987,0.917350829,0.062878795,0.937114656,0.059563160,0.834166646
828,41.400002,0.120675057,0.879318297,0.064306438,0.935687125,0.060993224,0.850913763
829,41.450001,0.246130034,0.753860950,0.060771100,0.939222217,0.060894698,0.761344790
830,41.500000,0.419443011,0.580546439,0.056479402,0.943513989,0.110341549,0.668451786
831,41.549999,0.367163807,0.632827580,0.062745824,0.937247634,0.069551975,0.542639613
832,41.600002,0.285073668,0.714919150,0.060314331,0.939678848,0.061150759,0.580379844
833,41.650002,0.418683350,0.581307411,0.061610911,0.938382447,0.061791599,0.498299241
834,41.700001,0.412946820,0.587044358,0.054860625,0.945132732,0.059633970,0.411310315
835,41.750000,0.441603035,0.558388472,0.051993240,0.948000193,0.088716626,0.359810412
836,41.799999,0.508563817,0.491426647,0.056412600,0.943580747,0.072061002,0.199841648
837,41.850002,0.516589522,0.483401239,0.053762138,0.946231186,0.071247876,0.144147545
838,41.900002,0.514119387,0.485871404,0.054022606,0.945970774,0.073191077,0.111515433
839,41.950001,0.504010797,0.495980084,0.052956615,0.947036803,0.067859113,0.093439043
840,42.000000,0.638593495,0.361399412,0.041912962,0.958080351,0.086285144,0.077690035
841,42.049999,0.567871034,0.432120979,0.046604455,0.953388989,0.072851211,0.065523684
842,42.100002,0.475506276,0.524484456,0.064552359,0.935441077,0.063399613,0.064442486
843,42.150002,0.395738900,0.604251206,0.067090042,0.932903469,0.067186832,0.062674671
844,42.200001,0.338346034,0.661643505,0.068825573,0.931167960,0.071806312,0.054168284
845,42.250000,0.321926415,0.678063154,0.068652660,0.931340933,0.071073562,0.057521671
846,42.299999,0.291600406,0.708389044,0.070967004,0.929026663,0.087371111,0.063654870
847,42.350002,0.251485050,0.748503923,0.068159245,0.931834459,0.099802643,0.061268091
848,42.400002,0.212066114,0.787922621,0.061695181,0.938298464,0.101133227,0.064762086
849,42.450001,0.182745725,0.817242682,0.059340455,0.940653205,0.099077791,0.061363518
850,42.500000,0.248014107,0.751975417,0.061490450,0.938503206,0.148443013,0.064069152
851,42.549999,0.139620438,0.860367596,0.053853948,0.946139693,0.093272388,0.049664795
852,42.600002,0.117333189,0.882654667,0.051488396,0.948505282,0.072888851,0.049137145
853,42.650002,0.090668127,0.909319818,0.046120185,0.953873515,0.079746246,0.055794448
854,42.700001,0.073761567,0.926226199,0.043473188,0.956520498,0.083938479,0.055237383
855,42.750000,0.062142193,0.937845767,0.041838322,0.958155453,0.091284007,0.067654520
856,42.799999,0.054764073,0.945224047,0.042004459,0.957989275,0.081677616,0.068864763
857,42.850002,0.618959308,0.381035954,0.111904368,0.888089538,0.593506575,0.068481356
858,42.900002,0.621357679,0.378637701,0.091675244,0.908318639,0.747437358,0.078180611
859,42.950001,0.652690947,0.347304434,0.113989212,0.886004627,0.745687962,0.069049031
860,43.000000,0.674263477,0.325731874,0.118175566,0.881818295,0.785083055,0.061427832
861,43.049999,0.671895742,0.328099668,0.107391268,0.892602563,0.816170096,0.062250197
862,43.100002,0.603259027,0.396735758,0.065069236,0.934924304,0.812868297,0.056766570
863,43.150002,0.554915011,0.445079356,0.054168493,0.945825040,0.822919667,0.066575557
864,43.200001,0.487192482,0.512801051,0.046379659,0.953613877,0.796520472,0.060607314
865,43.250000,0.439814985,0.560177743,0.042109638,0.957883835,0.712282181,0.058775097
866,43.299999,0.381230891,0.618762076,0.036201030,0.963792384,0.577273726,0.080772460
867,43.350002,0.377635032,0.622356951,0.036207352,0.963786066,0.556140780,0.057242781
868,43.400002,0.521245539,0.478748947,0.045758434,0.954235017,0.594267488,0.070975691
869,43.450001,0.542295158,0.457699656,0.050886404,0.949107111,0.659329534,0.064333856
870,43.500000,0.546414316,0.453580528,0.054260205,0.945733309,0.681681871,0.057950556
871,43.549999,0.556017816,0.443977058,0.062243622,0.937749863,0.727744222,0.061291009
872,43.600002,0.530990064,0.469004393,0.064671576,0.935321927,0.762232423,0.067767084
873,43.650002,0.517117143,0.482877582,0.063022837,0.936970651,0.729072511,0.077939659
874,43.700001,0.481911302,0.518082559,0.062836595,0.937156916,0.686161637,0.061710149
875,43.750000,0.383609384,0.616382778,0.058424283,0.941569149,0.645819604,0.058042675
876,43.799999,0.331460863,0.668530524,0.054735042,0.945258319,0.570541084,0.066042215
877,43.850002,0.208064571,0.791924357,0.054437738,0.945555568,0.559653759,0.067634642
878,43.900002,0.075746462,0.924240649,0.055040020,0.944953322,0.460273176,0.066210151
879,43.950001,0.043490976,0.956495941,0.055695225,0.944298148,0.283267438,0.062481225
880,44.000000,0.041029405,0.958957434,0.058204770,0.941788614,0.195373237,0.069801956
881,44.049999,0.034280553,0.965706348,0.058871076,0.941122293,0.154193819,0.068760842
882,44.100002,0.031298697,0.968688071,0.063424207,0.936569154,0.156452745,0.070537478
883,44.150002,0.027295077,0.972691357,0.064223640,0.935769737,0.128245324,0.080757648
884,44.200001,0.023310361,0.976677060,0.060323417,0.939669907,0.107117057,0.093475193
885,44.250000,0.026849143,0.973137677,0.067047589,0.932945788,0.073318779,0.074534684
886,44.299999,0.058712620,0.941274703,0.101846769,0.898146689,0.122680753,0.071665972
887,44.350002,0.096176870,0.903810263,0.173892260,0.826101303,0.077655077,0.061841339
888,44.400002,0.141114190,0.858873308,0.226086691,0.773907065,0.066498429,0.065300792
889,44.450001,0.170487240,0.829500258,0.261837959,0.738155782,0.056651741,0.060468584
890,44.500000,0.206643194,0.793344617,0.268271148,0.731722534,0.076242596,0.060721934
891,44.549999,0.038827661,0.961166978,0.071164563,0.928829253,0.058630884,0.418744773
892,44.600002,0.044667162,0.955327630,0.063571952,0.936422050,0.057919949,0.694030643
893,44.650002,0.026246024,0.973748624,0.046701632,0.953292310,0.048528880,0.763852179
894,44.700001,0.028178466,0.971816063,0.042852256,0.957141638,0.069584578,0.691322863
895,44.750000,0.016274381,0.983720481,0.032240715,0.967753530,0.066123396,0.901908696
896,44.799999,0.061481487,0.938513577,0.056023832,0.943970323,0.109404445,0.898356378
897,44.850002,0.014911481,0.985083222,0.033312168,0.966681719,0.080823720,0.879102826
898,44.900002,0.013760330,0.986233950,0.028972011,0.971021831,0.071165174,0.864078760
899,44.950001,0.013702379,0.986290514,0.028806210,0.971187592,0.074515581,0.819393754
900,45.000000,0.012536876,0.987456381,0.034700420,0.965293407,0.084505230,0.771105528
901,45.049999,0.016883321,0.983109951,0.047509227,0.952484548,0.079828948,0.734615803
902,45.100002,0.024833400,0.975157857,0.053481903,0.946511745,0.062311232,0.702940643
903,45.150002,0.027362689,0.972626984,0.048869591,0.951123834,0.066507906,0.591967702
904,45.200001,0.028956356,0.971032679,0.050220422,0.949772894,0.071173489,0.511312246
905,45.250000,0.030616412,0.969371080,0.044358615,0.955634832,0.072627038,0.548861146
906,45.299999,0.027318668,0.972668469,0.034290031,0.965703487,0.072821170,0.449577749
907,45.350002,0.026652416,0.973333836,0.030912094,0.969081402,0.060830027,0.309216648
908,45.400002,0.034131300,0.965853572,0.034494385,0.965499103,0.068426907,0.244485527
909,45.450001,0.036873993,0.963110268,0.033844650,0.966148794,0.068254292,0.204913110
910,45.500000,0.015119436,0.984874725,0.038737345,0.961256266,0.061748981,0.640527487
911,45.549999,0.011371271,0.988623381,0.035896655,0.964097083,0.070674300,0.826534033
912,45.600002,0.011312041,0.988682508,0.041155428,0.958838165,0.074424207,0.752125502
913,45.650002,0.012147531,0.987847090,0.063314646,0.936678886,0.076577276,0.811758876
914,45.700001,0.010105050,0.989889681,0.092115939,0.907877445,0.079859287,0.867295682
915,45.750000,0.007875661,0.992119133,0.119846992,0.880146503,0.074179411,0.924587250
916,45.799999,0.006178090,0.993816733,0.161501393,0.838492036,0.093547583,0.915351987
917,45.850002,0.005542048,0.994452715,0.192177922,0.807815433,0.072551072,0.903174400
918,45.900002,0.005297909,0.994696677,0.216070697,0.783922493,0.082494587,0.882753909
919,45.950001,0.003648545,0.996346056,0.201176718,0.798816562,0.070049703,0.878278255
920,46.000000,0.002943765,0.997050762,0.173913255,0.826079965,0.081320345,0.841214776
921,46.049999,0.002713787,0.997280717,0.184229419,0.815763772,0.082441717,0.828266501
922,46.100002,0.002932453,0.997061908,0.199719787,0.800273478,0.078355014,0.810877442
923,46.150002,0.003483600,0.996510446,0.205868244,0.794125080,0.083661646,0.789761066
924,46.200001,0.004864905,0.995129049,0.228769675,0.771223724,0.095567048,0.778255045
925,46.250000,0.007333109,0.992660522,0.265452147,0.734541237,0.073472708,0.750054717
926,46.299999,0.006278927,0.993715346,0.257860869,0.742132664,0.094520986,0.868089676
927,46.350002,0.005035900,0.994958580,0.237414584,0.762578964,0.082564324,0.842153847
928,46.400002,0.004041017,0.995953619,0.202756539,0.797236979,0.087209702,0.879530907
929,46.450001,0.004707493,0.995287120,0.199126929,0.800866485,0.084910631,0.874213934
930,46.500000,0.005782017,0.994212508,0.189979270,0.810014307,0.074682564,0.824499011
931,46.549999,0.007013646,0.992980778,0.184122637,0.815871000,0.064827114,0.771193624
932,46.600002,0.008428611,0.991565704,0.193241149,0.806752384,0.081980675,0.763542056
933,46.650002,0.008325963,0.991667986,0.150643691,0.849349797,0.082992285,0.772238493
934,46.700001,0.009862659,0.990130961,0.110887103,0.889106393,0.073367417,0.801422656
935,46.750000,0.011806604,0.988186657,0.089955047,0.910038531,0.073365927,0.800718188
936,46.799999,0.013750482,0.986242712,0.091970317,0.908023238,0.090185374,0.816579163
937,46.850002,0.018178117,0.981814623,0.066577196,0.933416426,0.075844139,0.843665719
938,46.900002,0.024461325,0.975531042,0.067247696,0.932745993,0.072720438,0.853558183
939,46.950001,0.031404797,0.968587756,0.064767212,0.935226500,0.067445457,0.839336753
940,47.000000,0.035685789,0.964306891,0.056133933,0.943859696,0.076191366,0.800273359
941,47.049999,0.035593919,0.964399338,0.062166587,0.937827110,0.065840006,0.776249290
942,47.100002,0.059157327,0.940834045,0.051271059,0.948722661,0.070768267,0.739393353
943,47.150002,0.114423625,0.885564208,0.047904842,0.952088833,0.082434267,0.735147834
944,47.200001,0.168907642,0.831077158,0.043715224,0.956278443,0.078130126,0.654136777
945,47.250000,0.087044887,0.912946582,0.053189121,0.946804464,0.073852152,0.632084727
946,47.299999,0.048254289,0.951740503,0.073768839,0.926224768,0.062449157,0.760377884
947,47.350002,0.051134598,0.948860168,0.062296484,0.937696993,0.073077410,0.695399940
948,47.400002,0.055050284,0.944944382,0.063857868,0.936135411,0.085292190,0.700908542
949,47.450001,0.054755878,0.945238590,0.052942738,0.947050571,0.088105232,0.673457384
950,47.500000,0.041056208,0.958938360,0.059710659,0.940282762,0.075822860,0.732318699
951,47.549999,0.034803566,0.965190947,0.055895343,0.944098055,0.086023688,0.752958298
952,47.600002,0.030355902,0.969638348,0.053261943,0.946731329,0.089413166,0.718222857
953,47.650002,0.033005644,0.966988146,0.046700433,0.953292906,0.106742024,0.653927565
954,47.700001,0.023720369,0.976273537,0.045666300,0.954326987,0.069126427,0.645340800
955,47.750000,0.016775304,0.983219326,0.059727635,0.940266192,0.059172988,0.770386100
956,47.799999,0.014456575,0.985538065,0.065769829,0.934223831,0.072912067,0.777249455
957,47.850002,0.011374183,0.988620400,0.071011938,0.928981602,0.066134542,0.859324098
958,47.900002,0.009476693,0.990517914,0.079105280,0.920888245,0.080712318,0.879958272
959,47.950001,0.009176694,0.990818024,0.096398577,0.903595030,0.069379568,0.859252751
960,48.000000,0.007177873,0.992816806,0.107623428,0.892370164,0.065781385,0.741301060
961,48.049999,0.006145471,0.993849158,0.114562839,0.885430753,0.075710505,0.685275078
962,48.100002,0.005059533,0.994934976,0.121976286,0.878017128,0.078671575,0.683792591
963,48.150002,0.004582755,0.995411634,0.128972709,0.871020615,0.096463710,0.689989805
964,48.200001,0.004252254,0.995742023,0.139394328,0.860599101,0.096134245,0.725964665
965,48.250000,0.004053847,0.995940566,0.156382129,0.843611181,0.091628134,0.776479065
966,48.299999,0.003855781,0.996138752,0.170918703,0.829074681,0.075356215,0.776074231
967,48.350002,0.004208559,0.995786011,0.180696428,0.819296837,0.072503716,0.786353111
968,48.400002,0.055107541,0.944887161,0.211280033,0.788713217,0.185819209,0.748181343
969,48.450001,0.043011390,0.956983268,0.222894505,0.777098715,0.129693359,0.693472624
970,48.500000,0.011641501,0.988353074,0.212807775,0.787185490,0.107843250,0.687893391
971,48.549999,0.010547214,0.989447355,0.204380542,0.795612752,0.078129381,0.866118073
972,48.600002,0.009928062,0.990066528,0.164966106,0.835027218,0.062882066,0.830205083
973,48.650002,0.011072901,0.988921642,0.124598712,0.875394642,0.078528076,0.871898293
974,48.700001,0.008921945,0.991072595,0.125779286,0.874214053,0.073058903,0.846870422
975,48.750000,0.009536554,0.990457952,0.145839185,0.854154289,0.075395137,0.826074123
976,48.799999,0.011189913,0.988804579,0.156255960,0.843737543,0.083468050,0.796866655
977,48.850002,0.011277694,0.988716722,0.151231438,0.848762035,0.068877518,0.799286127
978,48.900002,0.011778165,0.988216341,0.168423295,0.831570208,0.067689568,0.863784134
979,48.950001,0.015532047,0.984462023,0.176219314,0.823774099,0.078861147,0.848992467
980,49.000000,0.017110227,0.982883930,0.206193000,0.793800414,0.064428538,0.827862799
981,49.049999,0.017736863,0.982257247,0.230682477,0.769311070,0.049678892,0.872035444
982,49.100002,0.019449038,0.980544806,0.217056453,0.782937169,0.056434840,0.852948308
983,49.150002,0.021889675,0.978104293,0.236319661,0.763674021,0.058660626,0.888965249
984,49.200001,0.031217195,0.968776345,0.246578202,0.753415585,0.058288276,0.893003881
985,49.250000,0.068439633,0.931553245,0.239273608,0.760720253,0.100810170,0.847890735
986,49.299999,0.042891026,0.957102835,0.297794014,0.702199757,0.064110488,0.846977592
987,49.350002,0.045154490,0.954839408,0.306380808,0.693613052,0.047571093,0.820971131
988,49.400002,0.048499260,0.951494515,0.327008456,0.672985315,0.065849572,0.748361886
989,49.450001,0.052262451,0.947731316,0.365160167,0.634833694,0.065071881,0.661371052
990,49.500000,0.072464846,0.927528262,0.459979922,0.540013850,0.082018644,0.694029927
991,49.549999,0.069551557,0.930442035,0.505053818,0.494940042,0.070991665,0.716084838
992,49.600002,0.062970512,0.937023461,0.507169843,0.492823929,0.065964490,0.826099634
993,49.650002,0.078492053,0.921501815,0.496716678,0.503277004,0.071272373,0.808997393
994,49.700001,0.082764946,0.917229176,0.457436472,0.542557240,0.064238787,0.704052150
995,49.750000,0.131886631,0.868106604,0.467269719,0.532724261,0.101304114,0.821737766
996,49.799999,0.140648931,0.859344006,0.487447292,0.512546778,0.082551092,0.877287447
